fold,origin,date,days_ahead,model,y_true,y_pred
1,2025-07-04,2025-07-05,1,Naive (last value),11588.98,12447.71
1,2025-07-04,2025-07-06,2,Naive (last value),9329.2,12447.71
1,2025-07-04,2025-07-07,3,Naive (last value),11193.75,12447.71
1,2025-07-04,2025-07-08,4,Naive (last value),9196.87,12447.71
1,2025-07-04,2025-07-09,5,Naive (last value),11000.55,12447.71
1,2025-07-04,2025-07-10,6,Naive (last value),10582.93,12447.71
1,2025-07-04,2025-07-11,7,Naive (last value),11505.54,12447.71
1,2025-07-04,2025-07-12,8,Naive (last value),11871.68,12447.71
1,2025-07-04,2025-07-13,9,Naive (last value),9010.95,12447.71
1,2025-07-04,2025-07-14,10,Naive (last value),10746.36,12447.71
1,2025-07-04,2025-07-15,11,Naive (last value),10750.3,12447.71
1,2025-07-04,2025-07-16,12,Naive (last value),11337.84,12447.71
1,2025-07-04,2025-07-17,13,Naive (last value),10619.7,12447.71
1,2025-07-04,2025-07-18,14,Naive (last value),11286.32,12447.71
1,2025-07-04,2025-07-19,15,Naive (last value),11847.01,12447.71
1,2025-07-04,2025-07-20,16,Naive (last value),10207.22,12447.71
1,2025-07-04,2025-07-21,17,Naive (last value),9060.3,12447.71
1,2025-07-04,2025-07-22,18,Naive (last value),9947.25,12447.71
1,2025-07-04,2025-07-23,19,Naive (last value),10600.2,12447.71
1,2025-07-04,2025-07-24,20,Naive (last value),9908.24,12447.71
1,2025-07-04,2025-07-25,21,Naive (last value),11363.56,12447.71
1,2025-07-04,2025-07-26,22,Naive (last value),11136.79,12447.71
1,2025-07-04,2025-07-27,23,Naive (last value),10633.49,12447.71
1,2025-07-04,2025-07-28,24,Naive (last value),9286.05,12447.71
1,2025-07-04,2025-07-29,25,Naive (last value),8762.95,12447.71
1,2025-07-04,2025-07-30,26,Naive (last value),8546.89,12447.71
1,2025-07-04,2025-07-31,27,Naive (last value),10206.46,12447.71
1,2025-07-04,2025-08-01,28,Naive (last value),10402.66,12447.71
1,2025-07-04,2025-08-02,29,Naive (last value),13917.1,12447.71
1,2025-07-04,2025-08-03,30,Naive (last value),10588.41,12447.71
1,2025-07-04,2025-07-05,1,Seasonal naive (t-7),11588.98,9447.89
1,2025-07-04,2025-07-06,2,Seasonal naive (t-7),9329.2,9409.97
1,2025-07-04,2025-07-07,3,Seasonal naive (t-7),11193.75,9579.99
1,2025-07-04,2025-07-08,4,Seasonal naive (t-7),9196.87,10855.37
1,2025-07-04,2025-07-09,5,Seasonal naive (t-7),11000.55,12555.09
1,2025-07-04,2025-07-10,6,Seasonal naive (t-7),10582.93,12366.05
1,2025-07-04,2025-07-11,7,Seasonal naive (t-7),11505.54,12447.71
1,2025-07-04,2025-07-12,8,Seasonal naive (t-7),11871.68,9447.89
1,2025-07-04,2025-07-13,9,Seasonal naive (t-7),9010.95,9409.97
1,2025-07-04,2025-07-14,10,Seasonal naive (t-7),10746.36,9579.99
1,2025-07-04,2025-07-15,11,Seasonal naive (t-7),10750.3,10855.37
1,2025-07-04,2025-07-16,12,Seasonal naive (t-7),11337.84,12555.09
1,2025-07-04,2025-07-17,13,Seasonal naive (t-7),10619.7,12366.05
1,2025-07-04,2025-07-18,14,Seasonal naive (t-7),11286.32,12447.71
1,2025-07-04,2025-07-19,15,Seasonal naive (t-7),11847.01,9447.89
1,2025-07-04,2025-07-20,16,Seasonal naive (t-7),10207.22,9409.97
1,2025-07-04,2025-07-21,17,Seasonal naive (t-7),9060.3,9579.99
1,2025-07-04,2025-07-22,18,Seasonal naive (t-7),9947.25,10855.37
1,2025-07-04,2025-07-23,19,Seasonal naive (t-7),10600.2,12555.09
1,2025-07-04,2025-07-24,20,Seasonal naive (t-7),9908.24,12366.05
1,2025-07-04,2025-07-25,21,Seasonal naive (t-7),11363.56,12447.71
1,2025-07-04,2025-07-26,22,Seasonal naive (t-7),11136.79,9447.89
1,2025-07-04,2025-07-27,23,Seasonal naive (t-7),10633.49,9409.97
1,2025-07-04,2025-07-28,24,Seasonal naive (t-7),9286.05,9579.99
1,2025-07-04,2025-07-29,25,Seasonal naive (t-7),8762.95,10855.37
1,2025-07-04,2025-07-30,26,Seasonal naive (t-7),8546.89,12555.09
1,2025-07-04,2025-07-31,27,Seasonal naive (t-7),10206.46,12366.05
1,2025-07-04,2025-08-01,28,Seasonal naive (t-7),10402.66,12447.71
1,2025-07-04,2025-08-02,29,Seasonal naive (t-7),13917.1,9447.89
1,2025-07-04,2025-08-03,30,Seasonal naive (t-7),10588.41,9409.97
1,2025-07-04,2025-07-05,1,Seasonal naive (t-364),11588.98,10778.51
1,2025-07-04,2025-07-06,2,Seasonal naive (t-364),9329.2,10941.24
1,2025-07-04,2025-07-07,3,Seasonal naive (t-364),11193.75,8989.41
1,2025-07-04,2025-07-08,4,Seasonal naive (t-364),9196.87,12592.79
1,2025-07-04,2025-07-09,5,Seasonal naive (t-364),11000.55,15421.84
1,2025-07-04,2025-07-10,6,Seasonal naive (t-364),10582.93,9157.06
1,2025-07-04,2025-07-11,7,Seasonal naive (t-364),11505.54,10255.09
1,2025-07-04,2025-07-12,8,Seasonal naive (t-364),11871.68,10375.57
1,2025-07-04,2025-07-13,9,Seasonal naive (t-364),9010.95,9527.37
1,2025-07-04,2025-07-14,10,Seasonal naive (t-364),10746.36,8367.59
1,2025-07-04,2025-07-15,11,Seasonal naive (t-364),10750.3,9759.06
1,2025-07-04,2025-07-16,12,Seasonal naive (t-364),11337.84,8582.3
1,2025-07-04,2025-07-17,13,Seasonal naive (t-364),10619.7,9197.97
1,2025-07-04,2025-07-18,14,Seasonal naive (t-364),11286.32,10888.45
1,2025-07-04,2025-07-19,15,Seasonal naive (t-364),11847.01,9523.47
1,2025-07-04,2025-07-20,16,Seasonal naive (t-364),10207.22,9084.97
1,2025-07-04,2025-07-21,17,Seasonal naive (t-364),9060.3,10603.41
1,2025-07-04,2025-07-22,18,Seasonal naive (t-364),9947.25,9928.36
1,2025-07-04,2025-07-23,19,Seasonal naive (t-364),10600.2,8598.23
1,2025-07-04,2025-07-24,20,Seasonal naive (t-364),9908.24,10581.51
1,2025-07-04,2025-07-25,21,Seasonal naive (t-364),11363.56,9662.83
1,2025-07-04,2025-07-26,22,Seasonal naive (t-364),11136.79,10734.4
1,2025-07-04,2025-07-27,23,Seasonal naive (t-364),10633.49,10637.23
1,2025-07-04,2025-07-28,24,Seasonal naive (t-364),9286.05,9042.8
1,2025-07-04,2025-07-29,25,Seasonal naive (t-364),8762.95,10187.23
1,2025-07-04,2025-07-30,26,Seasonal naive (t-364),8546.89,9836.67
1,2025-07-04,2025-07-31,27,Seasonal naive (t-364),10206.46,10686.39
1,2025-07-04,2025-08-01,28,Seasonal naive (t-364),10402.66,12801.46
1,2025-07-04,2025-08-02,29,Seasonal naive (t-364),13917.1,11188.36
1,2025-07-04,2025-08-03,30,Seasonal naive (t-364),10588.41,10323.11
1,2025-07-04,2025-07-05,1,Day-of-week mean (8w),11588.98,11650.65375
1,2025-07-04,2025-07-06,2,Day-of-week mean (8w),9329.2,9792.98125
1,2025-07-04,2025-07-07,3,Day-of-week mean (8w),11193.75,10174.77875
1,2025-07-04,2025-07-08,4,Day-of-week mean (8w),9196.87,11291.61
1,2025-07-04,2025-07-09,5,Day-of-week mean (8w),11000.55,11603.86
1,2025-07-04,2025-07-10,6,Day-of-week mean (8w),10582.93,11343.4975
1,2025-07-04,2025-07-11,7,Day-of-week mean (8w),11505.54,12660.25
1,2025-07-04,2025-07-12,8,Day-of-week mean (8w),11871.68,11650.65375
1,2025-07-04,2025-07-13,9,Day-of-week mean (8w),9010.95,9792.98125
1,2025-07-04,2025-07-14,10,Day-of-week mean (8w),10746.36,10174.77875
1,2025-07-04,2025-07-15,11,Day-of-week mean (8w),10750.3,11291.61
1,2025-07-04,2025-07-16,12,Day-of-week mean (8w),11337.84,11603.86
1,2025-07-04,2025-07-17,13,Day-of-week mean (8w),10619.7,11343.4975
1,2025-07-04,2025-07-18,14,Day-of-week mean (8w),11286.32,12660.25
1,2025-07-04,2025-07-19,15,Day-of-week mean (8w),11847.01,11650.65375
1,2025-07-04,2025-07-20,16,Day-of-week mean (8w),10207.22,9792.98125
1,2025-07-04,2025-07-21,17,Day-of-week mean (8w),9060.3,10174.77875
1,2025-07-04,2025-07-22,18,Day-of-week mean (8w),9947.25,11291.61
1,2025-07-04,2025-07-23,19,Day-of-week mean (8w),10600.2,11603.86
1,2025-07-04,2025-07-24,20,Day-of-week mean (8w),9908.24,11343.4975
1,2025-07-04,2025-07-25,21,Day-of-week mean (8w),11363.56,12660.25
1,2025-07-04,2025-07-26,22,Day-of-week mean (8w),11136.79,11650.65375
1,2025-07-04,2025-07-27,23,Day-of-week mean (8w),10633.49,9792.98125
1,2025-07-04,2025-07-28,24,Day-of-week mean (8w),9286.05,10174.77875
1,2025-07-04,2025-07-29,25,Day-of-week mean (8w),8762.95,11291.61
1,2025-07-04,2025-07-30,26,Day-of-week mean (8w),8546.89,11603.86
1,2025-07-04,2025-07-31,27,Day-of-week mean (8w),10206.46,11343.4975
1,2025-07-04,2025-08-01,28,Day-of-week mean (8w),10402.66,12660.25
1,2025-07-04,2025-08-02,29,Day-of-week mean (8w),13917.1,11650.65375
1,2025-07-04,2025-08-03,30,Day-of-week mean (8w),10588.41,9792.98125
1,2025-07-04,2025-07-05,1,Random Forest,11588.98,10989.965865289601
1,2025-07-04,2025-07-06,2,Random Forest,9329.2,9995.187280795457
1,2025-07-04,2025-07-07,3,Random Forest,11193.75,10747.622161023628
1,2025-07-04,2025-07-08,4,Random Forest,9196.87,10655.784491532158
1,2025-07-04,2025-07-09,5,Random Forest,11000.55,10857.99608671944
1,2025-07-04,2025-07-10,6,Random Forest,10582.93,11198.619337475675
1,2025-07-04,2025-07-11,7,Random Forest,11505.54,11480.890623345595
1,2025-07-04,2025-07-12,8,Random Forest,11871.68,11102.818001351108
1,2025-07-04,2025-07-13,9,Random Forest,9010.95,10062.500843809945
1,2025-07-04,2025-07-14,10,Random Forest,10746.36,10877.05935730844
1,2025-07-04,2025-07-15,11,Random Forest,10750.3,10962.230159938466
1,2025-07-04,2025-07-16,12,Random Forest,11337.84,10904.16687547607
1,2025-07-04,2025-07-17,13,Random Forest,10619.7,11132.839871171504
1,2025-07-04,2025-07-18,14,Random Forest,11286.32,11287.841708894379
1,2025-07-04,2025-07-19,15,Random Forest,11847.01,11302.517108014918
1,2025-07-04,2025-07-20,16,Random Forest,10207.22,10488.18941606615
1,2025-07-04,2025-07-21,17,Random Forest,9060.3,10589.65657655125
1,2025-07-04,2025-07-22,18,Random Forest,9947.25,10927.826329090949
1,2025-07-04,2025-07-23,19,Random Forest,10600.2,11225.424660489238
1,2025-07-04,2025-07-24,20,Random Forest,9908.24,10800.019045539739
1,2025-07-04,2025-07-25,21,Random Forest,11363.56,11544.899218953678
1,2025-07-04,2025-07-26,22,Random Forest,11136.79,11151.810326931456
1,2025-07-04,2025-07-27,23,Random Forest,10633.49,10388.573015741084
1,2025-07-04,2025-07-28,24,Random Forest,9286.05,10962.662310051626
1,2025-07-04,2025-07-29,25,Random Forest,8762.95,10936.149780594536
1,2025-07-04,2025-07-30,26,Random Forest,8546.89,11134.254756666523
1,2025-07-04,2025-07-31,27,Random Forest,10206.46,10925.660060806202
1,2025-07-04,2025-08-01,28,Random Forest,10402.66,11557.20805737591
1,2025-07-04,2025-08-02,29,Random Forest,13917.1,11035.156070938381
1,2025-07-04,2025-08-03,30,Random Forest,10588.41,9882.344171427843
1,2025-07-04,2025-07-05,1,LightGBM,11588.98,10734.71767605169
1,2025-07-04,2025-07-06,2,LightGBM,9329.2,9491.09994989293
1,2025-07-04,2025-07-07,3,LightGBM,11193.75,9784.150728816116
1,2025-07-04,2025-07-08,4,LightGBM,9196.87,9889.604336682223
1,2025-07-04,2025-07-09,5,LightGBM,11000.55,10791.224426852805
1,2025-07-04,2025-07-10,6,LightGBM,10582.93,11581.389014500217
1,2025-07-04,2025-07-11,7,LightGBM,11505.54,12394.741591899166
1,2025-07-04,2025-07-12,8,LightGBM,11871.68,11189.476203394715
1,2025-07-04,2025-07-13,9,LightGBM,9010.95,9507.297329756428
1,2025-07-04,2025-07-14,10,LightGBM,10746.36,10922.10488914568
1,2025-07-04,2025-07-15,11,LightGBM,10750.3,10190.559935734898
1,2025-07-04,2025-07-16,12,LightGBM,11337.84,10924.372486962755
1,2025-07-04,2025-07-17,13,LightGBM,10619.7,11185.741576313389
1,2025-07-04,2025-07-18,14,LightGBM,11286.32,12127.773577171649
1,2025-07-04,2025-07-19,15,LightGBM,11847.01,11366.942885113227
1,2025-07-04,2025-07-20,16,LightGBM,10207.22,9911.027644226293
1,2025-07-04,2025-07-21,17,LightGBM,9060.3,10436.922274462326
1,2025-07-04,2025-07-22,18,LightGBM,9947.25,11052.622514337776
1,2025-07-04,2025-07-23,19,LightGBM,10600.2,11552.438718388916
1,2025-07-04,2025-07-24,20,LightGBM,9908.24,10634.586066519423
1,2025-07-04,2025-07-25,21,LightGBM,11363.56,12170.849746127182
1,2025-07-04,2025-07-26,22,LightGBM,11136.79,11136.376357082581
1,2025-07-04,2025-07-27,23,LightGBM,10633.49,10121.759023860553
1,2025-07-04,2025-07-28,24,LightGBM,9286.05,10684.298198364357
1,2025-07-04,2025-07-29,25,LightGBM,8762.95,10431.886947810144
1,2025-07-04,2025-07-30,26,LightGBM,8546.89,11462.46825801622
1,2025-07-04,2025-07-31,27,LightGBM,10206.46,10454.47934191116
1,2025-07-04,2025-08-01,28,LightGBM,10402.66,12520.266454864413
1,2025-07-04,2025-08-02,29,LightGBM,13917.1,11741.702028195916
1,2025-07-04,2025-08-03,30,LightGBM,10588.41,9237.790132003702
1,2025-07-04,2025-07-05,1,"SARIMA(1,1,1)(1,1,1,7)",11588.98,11563.173946201037
1,2025-07-04,2025-07-06,2,"SARIMA(1,1,1)(1,1,1,7)",9329.2,10526.369670146218
1,2025-07-04,2025-07-07,3,"SARIMA(1,1,1)(1,1,1,7)",11193.75,10609.163734099311
1,2025-07-04,2025-07-08,4,"SARIMA(1,1,1)(1,1,1,7)",9196.87,10836.762061370413
1,2025-07-04,2025-07-09,5,"SARIMA(1,1,1)(1,1,1,7)",11000.55,11341.015290883204
1,2025-07-04,2025-07-10,6,"SARIMA(1,1,1)(1,1,1,7)",10582.93,11075.433626275162
1,2025-07-04,2025-07-11,7,"SARIMA(1,1,1)(1,1,1,7)",11505.54,12145.590643040408
1,2025-07-04,2025-07-12,8,"SARIMA(1,1,1)(1,1,1,7)",11871.68,11475.000703721253
1,2025-07-04,2025-07-13,9,"SARIMA(1,1,1)(1,1,1,7)",9010.95,10502.154791848374
1,2025-07-04,2025-07-14,10,"SARIMA(1,1,1)(1,1,1,7)",10746.36,10602.69044468825
1,2025-07-04,2025-07-15,11,"SARIMA(1,1,1)(1,1,1,7)",10750.3,10835.955286497723
1,2025-07-04,2025-07-16,12,"SARIMA(1,1,1)(1,1,1,7)",11337.84,11342.096963239412
1,2025-07-04,2025-07-17,13,"SARIMA(1,1,1)(1,1,1,7)",10619.7,11077.083803087206
1,2025-07-04,2025-07-18,14,"SARIMA(1,1,1)(1,1,1,7)",11286.32,12147.601265326768
1,2025-07-04,2025-07-19,15,"SARIMA(1,1,1)(1,1,1,7)",11847.01,11476.960939362929
1,2025-07-04,2025-07-20,16,"SARIMA(1,1,1)(1,1,1,7)",10207.22,10503.966402389486
1,2025-07-04,2025-07-21,17,"SARIMA(1,1,1)(1,1,1,7)",9060.3,10604.524999850113
1,2025-07-04,2025-07-22,18,"SARIMA(1,1,1)(1,1,1,7)",9947.25,10837.832010643702
1,2025-07-04,2025-07-23,19,"SARIMA(1,1,1)(1,1,1,7)",10600.2,11344.061939862315
1,2025-07-04,2025-07-24,20,"SARIMA(1,1,1)(1,1,1,7)",9908.24,11079.003056495862
1,2025-07-04,2025-07-25,21,"SARIMA(1,1,1)(1,1,1,7)",11363.56,12149.706047806088
1,2025-07-04,2025-07-26,22,"SARIMA(1,1,1)(1,1,1,7)",11136.79,11478.949550559517
1,2025-07-04,2025-07-27,23,"SARIMA(1,1,1)(1,1,1,7)",10633.49,10505.786443227902
1,2025-07-04,2025-07-28,24,"SARIMA(1,1,1)(1,1,1,7)",9286.05,10606.362464772224
1,2025-07-04,2025-07-29,25,"SARIMA(1,1,1)(1,1,1,7)",8762.95,10839.709897849327
1,2025-07-04,2025-07-30,26,"SARIMA(1,1,1)(1,1,1,7)",8546.89,11346.027534375042
1,2025-07-04,2025-07-31,27,"SARIMA(1,1,1)(1,1,1,7)",10206.46,11080.92272815484
1,2025-07-04,2025-08-01,28,"SARIMA(1,1,1)(1,1,1,7)",10402.66,12151.81122468586
1,2025-07-04,2025-08-02,29,"SARIMA(1,1,1)(1,1,1,7)",13917.1,11480.938515180485
1,2025-07-04,2025-08-03,30,"SARIMA(1,1,1)(1,1,1,7)",10588.41,10507.606801971097
2,2025-08-03,2025-08-04,1,Naive (last value),11542.75,10588.41
2,2025-08-03,2025-08-05,2,Naive (last value),9762.75,10588.41
2,2025-08-03,2025-08-06,3,Naive (last value),8286.79,10588.41
2,2025-08-03,2025-08-07,4,Naive (last value),8908.01,10588.41
2,2025-08-03,2025-08-08,5,Naive (last value),11361.45,10588.41
2,2025-08-03,2025-08-09,6,Naive (last value),9197.09,10588.41
2,2025-08-03,2025-08-10,7,Naive (last value),9352.83,10588.41
2,2025-08-03,2025-08-11,8,Naive (last value),12803.09,10588.41
2,2025-08-03,2025-08-12,9,Naive (last value),10951.96,10588.41
2,2025-08-03,2025-08-13,10,Naive (last value),11165.08,10588.41
2,2025-08-03,2025-08-14,11,Naive (last value),11124.53,10588.41
2,2025-08-03,2025-08-15,12,Naive (last value),13762.77,10588.41
2,2025-08-03,2025-08-16,13,Naive (last value),11963.43,10588.41
2,2025-08-03,2025-08-17,14,Naive (last value),11036.62,10588.41
2,2025-08-03,2025-08-18,15,Naive (last value),11763.58,10588.41
2,2025-08-03,2025-08-19,16,Naive (last value),11712.19,10588.41
2,2025-08-03,2025-08-20,17,Naive (last value),10240.94,10588.41
2,2025-08-03,2025-08-21,18,Naive (last value),10955.44,10588.41
2,2025-08-03,2025-08-22,19,Naive (last value),12020.1,10588.41
2,2025-08-03,2025-08-23,20,Naive (last value),12108.07,10588.41
2,2025-08-03,2025-08-24,21,Naive (last value),9653.05,10588.41
2,2025-08-03,2025-08-25,22,Naive (last value),9778.45,10588.41
2,2025-08-03,2025-08-26,23,Naive (last value),9848.49,10588.41
2,2025-08-03,2025-08-27,24,Naive (last value),10807.61,10588.41
2,2025-08-03,2025-08-28,25,Naive (last value),10851.63,10588.41
2,2025-08-03,2025-08-29,26,Naive (last value),14239.02,10588.41
2,2025-08-03,2025-08-30,27,Naive (last value),11316.26,10588.41
2,2025-08-03,2025-08-31,28,Naive (last value),8023.3,10588.41
2,2025-08-03,2025-09-01,29,Naive (last value),11209.46,10588.41
2,2025-08-03,2025-09-02,30,Naive (last value),11389.59,10588.41
2,2025-08-03,2025-08-04,1,Seasonal naive (t-7),11542.75,9286.05
2,2025-08-03,2025-08-05,2,Seasonal naive (t-7),9762.75,8762.95
2,2025-08-03,2025-08-06,3,Seasonal naive (t-7),8286.79,8546.89
2,2025-08-03,2025-08-07,4,Seasonal naive (t-7),8908.01,10206.46
2,2025-08-03,2025-08-08,5,Seasonal naive (t-7),11361.45,10402.66
2,2025-08-03,2025-08-09,6,Seasonal naive (t-7),9197.09,13917.1
2,2025-08-03,2025-08-10,7,Seasonal naive (t-7),9352.83,10588.41
2,2025-08-03,2025-08-11,8,Seasonal naive (t-7),12803.09,9286.05
2,2025-08-03,2025-08-12,9,Seasonal naive (t-7),10951.96,8762.95
2,2025-08-03,2025-08-13,10,Seasonal naive (t-7),11165.08,8546.89
2,2025-08-03,2025-08-14,11,Seasonal naive (t-7),11124.53,10206.46
2,2025-08-03,2025-08-15,12,Seasonal naive (t-7),13762.77,10402.66
2,2025-08-03,2025-08-16,13,Seasonal naive (t-7),11963.43,13917.1
2,2025-08-03,2025-08-17,14,Seasonal naive (t-7),11036.62,10588.41
2,2025-08-03,2025-08-18,15,Seasonal naive (t-7),11763.58,9286.05
2,2025-08-03,2025-08-19,16,Seasonal naive (t-7),11712.19,8762.95
2,2025-08-03,2025-08-20,17,Seasonal naive (t-7),10240.94,8546.89
2,2025-08-03,2025-08-21,18,Seasonal naive (t-7),10955.44,10206.46
2,2025-08-03,2025-08-22,19,Seasonal naive (t-7),12020.1,10402.66
2,2025-08-03,2025-08-23,20,Seasonal naive (t-7),12108.07,13917.1
2,2025-08-03,2025-08-24,21,Seasonal naive (t-7),9653.05,10588.41
2,2025-08-03,2025-08-25,22,Seasonal naive (t-7),9778.45,9286.05
2,2025-08-03,2025-08-26,23,Seasonal naive (t-7),9848.49,8762.95
2,2025-08-03,2025-08-27,24,Seasonal naive (t-7),10807.61,8546.89
2,2025-08-03,2025-08-28,25,Seasonal naive (t-7),10851.63,10206.46
2,2025-08-03,2025-08-29,26,Seasonal naive (t-7),14239.02,10402.66
2,2025-08-03,2025-08-30,27,Seasonal naive (t-7),11316.26,13917.1
2,2025-08-03,2025-08-31,28,Seasonal naive (t-7),8023.3,10588.41
2,2025-08-03,2025-09-01,29,Seasonal naive (t-7),11209.46,9286.05
2,2025-08-03,2025-09-02,30,Seasonal naive (t-7),11389.59,8762.95
2,2025-08-03,2025-08-04,1,Seasonal naive (t-364),11542.75,8652.74
2,2025-08-03,2025-08-05,2,Seasonal naive (t-364),9762.75,8726.470000000001
2,2025-08-03,2025-08-06,3,Seasonal naive (t-364),8286.79,9850.36
2,2025-08-03,2025-08-07,4,Seasonal naive (t-364),8908.01,10334.25
2,2025-08-03,2025-08-08,5,Seasonal naive (t-364),11361.45,10870.92
2,2025-08-03,2025-08-09,6,Seasonal naive (t-364),9197.09,8067.29
2,2025-08-03,2025-08-10,7,Seasonal naive (t-364),9352.83,8390.84
2,2025-08-03,2025-08-11,8,Seasonal naive (t-364),12803.09,12369.64
2,2025-08-03,2025-08-12,9,Seasonal naive (t-364),10951.96,11675.76
2,2025-08-03,2025-08-13,10,Seasonal naive (t-364),11165.08,10361.85
2,2025-08-03,2025-08-14,11,Seasonal naive (t-364),11124.53,11120.2
2,2025-08-03,2025-08-15,12,Seasonal naive (t-364),13762.77,14926.45
2,2025-08-03,2025-08-16,13,Seasonal naive (t-364),11963.43,11631.97
2,2025-08-03,2025-08-17,14,Seasonal naive (t-364),11036.62,9519.36
2,2025-08-03,2025-08-18,15,Seasonal naive (t-364),11763.58,9662.08
2,2025-08-03,2025-08-19,16,Seasonal naive (t-364),11712.19,11391.9
2,2025-08-03,2025-08-20,17,Seasonal naive (t-364),10240.94,10151.49
2,2025-08-03,2025-08-21,18,Seasonal naive (t-364),10955.44,11294.85
2,2025-08-03,2025-08-22,19,Seasonal naive (t-364),12020.1,10747.36
2,2025-08-03,2025-08-23,20,Seasonal naive (t-364),12108.07,10326.46
2,2025-08-03,2025-08-24,21,Seasonal naive (t-364),9653.05,12446.81
2,2025-08-03,2025-08-25,22,Seasonal naive (t-364),9778.45,8867.96
2,2025-08-03,2025-08-26,23,Seasonal naive (t-364),9848.49,9187.7
2,2025-08-03,2025-08-27,24,Seasonal naive (t-364),10807.61,9739.45
2,2025-08-03,2025-08-28,25,Seasonal naive (t-364),10851.63,10116.1
2,2025-08-03,2025-08-29,26,Seasonal naive (t-364),14239.02,11816.05
2,2025-08-03,2025-08-30,27,Seasonal naive (t-364),11316.26,9402.62
2,2025-08-03,2025-08-31,28,Seasonal naive (t-364),8023.3,7493.129999999999
2,2025-08-03,2025-09-01,29,Seasonal naive (t-364),11209.46,9630.66
2,2025-08-03,2025-09-02,30,Seasonal naive (t-364),11389.59,11088.82
2,2025-08-03,2025-08-04,1,Day-of-week mean (8w),11542.75,10082.42125
2,2025-08-03,2025-08-05,2,Day-of-week mean (8w),9762.75,10227.72625
2,2025-08-03,2025-08-06,3,Day-of-week mean (8w),8286.79,10997.68625
2,2025-08-03,2025-08-07,4,Day-of-week mean (8w),8908.01,10920.99375
2,2025-08-03,2025-08-08,5,Day-of-week mean (8w),11361.45,11741.25625
2,2025-08-03,2025-08-09,6,Day-of-week mean (8w),9197.09,11650.185
2,2025-08-03,2025-08-10,7,Day-of-week mean (8w),9352.83,9889.9725
2,2025-08-03,2025-08-11,8,Day-of-week mean (8w),12803.09,10082.42125
2,2025-08-03,2025-08-12,9,Day-of-week mean (8w),10951.96,10227.72625
2,2025-08-03,2025-08-13,10,Day-of-week mean (8w),11165.08,10997.68625
2,2025-08-03,2025-08-14,11,Day-of-week mean (8w),11124.53,10920.99375
2,2025-08-03,2025-08-15,12,Day-of-week mean (8w),13762.77,11741.25625
2,2025-08-03,2025-08-16,13,Day-of-week mean (8w),11963.43,11650.185
2,2025-08-03,2025-08-17,14,Day-of-week mean (8w),11036.62,9889.9725
2,2025-08-03,2025-08-18,15,Day-of-week mean (8w),11763.58,10082.42125
2,2025-08-03,2025-08-19,16,Day-of-week mean (8w),11712.19,10227.72625
2,2025-08-03,2025-08-20,17,Day-of-week mean (8w),10240.94,10997.68625
2,2025-08-03,2025-08-21,18,Day-of-week mean (8w),10955.44,10920.99375
2,2025-08-03,2025-08-22,19,Day-of-week mean (8w),12020.1,11741.25625
2,2025-08-03,2025-08-23,20,Day-of-week mean (8w),12108.07,11650.185
2,2025-08-03,2025-08-24,21,Day-of-week mean (8w),9653.05,9889.9725
2,2025-08-03,2025-08-25,22,Day-of-week mean (8w),9778.45,10082.42125
2,2025-08-03,2025-08-26,23,Day-of-week mean (8w),9848.49,10227.72625
2,2025-08-03,2025-08-27,24,Day-of-week mean (8w),10807.61,10997.68625
2,2025-08-03,2025-08-28,25,Day-of-week mean (8w),10851.63,10920.99375
2,2025-08-03,2025-08-29,26,Day-of-week mean (8w),14239.02,11741.25625
2,2025-08-03,2025-08-30,27,Day-of-week mean (8w),11316.26,11650.185
2,2025-08-03,2025-08-31,28,Day-of-week mean (8w),8023.3,9889.9725
2,2025-08-03,2025-09-01,29,Day-of-week mean (8w),11209.46,10082.42125
2,2025-08-03,2025-09-02,30,Day-of-week mean (8w),11389.59,10227.72625
2,2025-08-03,2025-08-04,1,Random Forest,11542.75,9879.727194038513
2,2025-08-03,2025-08-05,2,Random Forest,9762.75,9806.829298019658
2,2025-08-03,2025-08-06,3,Random Forest,8286.79,9616.437255617886
2,2025-08-03,2025-08-07,4,Random Forest,8908.01,9902.312545223995
2,2025-08-03,2025-08-08,5,Random Forest,11361.45,11342.351719118504
2,2025-08-03,2025-08-09,6,Random Forest,9197.09,10717.890031718935
2,2025-08-03,2025-08-10,7,Random Forest,9352.83,10242.230489609698
2,2025-08-03,2025-08-11,8,Random Forest,12803.09,10763.165106304781
2,2025-08-03,2025-08-12,9,Random Forest,10951.96,11187.758861291597
2,2025-08-03,2025-08-13,10,Random Forest,11165.08,10742.164437832986
2,2025-08-03,2025-08-14,11,Random Forest,11124.53,11365.303290527147
2,2025-08-03,2025-08-15,12,Random Forest,13762.77,11352.998479352109
2,2025-08-03,2025-08-16,13,Random Forest,11963.43,11346.437755962328
2,2025-08-03,2025-08-17,14,Random Forest,11036.62,10678.419349715952
2,2025-08-03,2025-08-18,15,Random Forest,11763.58,10651.208341748988
2,2025-08-03,2025-08-19,16,Random Forest,11712.19,10869.447919376535
2,2025-08-03,2025-08-20,17,Random Forest,10240.94,10703.747180043922
2,2025-08-03,2025-08-21,18,Random Forest,10955.44,10994.1507763677
2,2025-08-03,2025-08-22,19,Random Forest,12020.1,11173.96082297603
2,2025-08-03,2025-08-23,20,Random Forest,12108.07,11266.751449086803
2,2025-08-03,2025-08-24,21,Random Forest,9653.05,11686.215394031675
2,2025-08-03,2025-08-25,22,Random Forest,9778.45,12000.909873721444
2,2025-08-03,2025-08-26,23,Random Forest,9848.49,11574.273316196648
2,2025-08-03,2025-08-27,24,Random Forest,10807.61,11585.699783053797
2,2025-08-03,2025-08-28,25,Random Forest,10851.63,12038.36629972962
2,2025-08-03,2025-08-29,26,Random Forest,14239.02,11982.824588166939
2,2025-08-03,2025-08-30,27,Random Forest,11316.26,11153.59832668833
2,2025-08-03,2025-08-31,28,Random Forest,8023.3,10731.896634839066
2,2025-08-03,2025-09-01,29,Random Forest,11209.46,10880.252369913367
2,2025-08-03,2025-09-02,30,Random Forest,11389.59,11121.973066763077
2,2025-08-03,2025-08-04,1,LightGBM,11542.75,10541.751644037753
2,2025-08-03,2025-08-05,2,LightGBM,9762.75,10379.568193550496
2,2025-08-03,2025-08-06,3,LightGBM,8286.79,10292.722066361619
2,2025-08-03,2025-08-07,4,LightGBM,8908.01,10155.643441635597
2,2025-08-03,2025-08-08,5,LightGBM,11361.45,12134.944309830864
2,2025-08-03,2025-08-09,6,LightGBM,9197.09,11103.306175324406
2,2025-08-03,2025-08-10,7,LightGBM,9352.83,10129.667716463746
2,2025-08-03,2025-08-11,8,LightGBM,12803.09,10758.509390075169
2,2025-08-03,2025-08-12,9,LightGBM,10951.96,11494.53308973422
2,2025-08-03,2025-08-13,10,LightGBM,11165.08,11076.18211159287
2,2025-08-03,2025-08-14,11,LightGBM,11124.53,11778.916320945866
2,2025-08-03,2025-08-15,12,LightGBM,13762.77,11902.415998795606
2,2025-08-03,2025-08-16,13,LightGBM,11963.43,11411.160308287823
2,2025-08-03,2025-08-17,14,LightGBM,11036.62,11005.418982759653
2,2025-08-03,2025-08-18,15,LightGBM,11763.58,11458.893085905149
2,2025-08-03,2025-08-19,16,LightGBM,11712.19,10910.467879583002
2,2025-08-03,2025-08-20,17,LightGBM,10240.94,10929.91502112839
2,2025-08-03,2025-08-21,18,LightGBM,10955.44,11497.001906082567
2,2025-08-03,2025-08-22,19,LightGBM,12020.1,12218.443874659422
2,2025-08-03,2025-08-23,20,LightGBM,12108.07,11472.671061408195
2,2025-08-03,2025-08-24,21,LightGBM,9653.05,11889.82446583412
2,2025-08-03,2025-08-25,22,LightGBM,9778.45,11297.058829679301
2,2025-08-03,2025-08-26,23,LightGBM,9848.49,11334.872656648442
2,2025-08-03,2025-08-27,24,LightGBM,10807.61,11513.770915509745
2,2025-08-03,2025-08-28,25,LightGBM,10851.63,11525.202273800312
2,2025-08-03,2025-08-29,26,LightGBM,14239.02,11969.99135116735
2,2025-08-03,2025-08-30,27,LightGBM,11316.26,11032.169568888736
2,2025-08-03,2025-08-31,28,LightGBM,8023.3,10701.440775615318
2,2025-08-03,2025-09-01,29,LightGBM,11209.46,10881.901539754914
2,2025-08-03,2025-09-02,30,LightGBM,11389.59,10466.921061094823
2,2025-08-03,2025-08-04,1,"SARIMA(1,1,1)(1,1,1,7)",11542.75,10231.58067053702
2,2025-08-03,2025-08-05,2,"SARIMA(1,1,1)(1,1,1,7)",9762.75,10265.158436632
2,2025-08-03,2025-08-06,3,"SARIMA(1,1,1)(1,1,1,7)",8286.79,10721.032517998532
2,2025-08-03,2025-08-07,4,"SARIMA(1,1,1)(1,1,1,7)",8908.01,10486.924838431381
2,2025-08-03,2025-08-08,5,"SARIMA(1,1,1)(1,1,1,7)",11361.45,11474.739245796403
2,2025-08-03,2025-08-09,6,"SARIMA(1,1,1)(1,1,1,7)",9197.09,10925.667961437888
2,2025-08-03,2025-08-10,7,"SARIMA(1,1,1)(1,1,1,7)",9352.83,9934.316371091985
2,2025-08-03,2025-08-11,8,"SARIMA(1,1,1)(1,1,1,7)",12803.09,10031.602509535072
2,2025-08-03,2025-08-12,9,"SARIMA(1,1,1)(1,1,1,7)",10951.96,10207.804660294596
2,2025-08-03,2025-08-13,10,"SARIMA(1,1,1)(1,1,1,7)",11165.08,10714.02623900845
2,2025-08-03,2025-08-14,11,"SARIMA(1,1,1)(1,1,1,7)",11124.53,10472.426832298748
2,2025-08-03,2025-08-15,12,"SARIMA(1,1,1)(1,1,1,7)",13762.77,11472.087540812397
2,2025-08-03,2025-08-16,13,"SARIMA(1,1,1)(1,1,1,7)",11963.43,10886.244472144253
2,2025-08-03,2025-08-17,14,"SARIMA(1,1,1)(1,1,1,7)",11036.62,9917.13283010459
2,2025-08-03,2025-08-18,15,"SARIMA(1,1,1)(1,1,1,7)",11763.58,10018.938956045597
2,2025-08-03,2025-08-19,16,"SARIMA(1,1,1)(1,1,1,7)",11712.19,10196.449980098432
2,2025-08-03,2025-08-20,17,"SARIMA(1,1,1)(1,1,1,7)",10240.94,10702.669715798513
2,2025-08-03,2025-08-21,18,"SARIMA(1,1,1)(1,1,1,7)",10955.44,10461.251679028255
2,2025-08-03,2025-08-22,19,"SARIMA(1,1,1)(1,1,1,7)",12020.1,11459.983692060287
2,2025-08-03,2025-08-23,20,"SARIMA(1,1,1)(1,1,1,7)",12108.07,10874.378766803662
2,2025-08-03,2025-08-24,21,"SARIMA(1,1,1)(1,1,1,7)",9653.05,9906.516335979724
2,2025-08-03,2025-08-25,22,"SARIMA(1,1,1)(1,1,1,7)",9778.45,10008.261944985574
2,2025-08-03,2025-08-26,23,"SARIMA(1,1,1)(1,1,1,7)",9848.49,10185.59964204037
2,2025-08-03,2025-08-27,24,"SARIMA(1,1,1)(1,1,1,7)",10807.61,10691.286546266283
2,2025-08-03,2025-08-28,25,"SARIMA(1,1,1)(1,1,1,7)",10851.63,10450.124483488335
2,2025-08-03,2025-08-29,26,"SARIMA(1,1,1)(1,1,1,7)",14239.02,11447.795713360334
2,2025-08-03,2025-08-30,27,"SARIMA(1,1,1)(1,1,1,7)",11316.26,10862.809616778211
2,2025-08-03,2025-08-31,28,"SARIMA(1,1,1)(1,1,1,7)",8023.3,9895.978783936534
2,2025-08-03,2025-09-01,29,"SARIMA(1,1,1)(1,1,1,7)",11209.46,9997.61667750761
2,2025-08-03,2025-09-02,30,"SARIMA(1,1,1)(1,1,1,7)",11389.59,10174.765931922722
3,2025-09-02,2025-09-03,1,Naive (last value),14338.28,11389.59
3,2025-09-02,2025-09-04,2,Naive (last value),12176.88,11389.59
3,2025-09-02,2025-09-05,3,Naive (last value),13958.18,11389.59
3,2025-09-02,2025-09-06,4,Naive (last value),14159.24,11389.59
3,2025-09-02,2025-09-07,5,Naive (last value),9658.99,11389.59
3,2025-09-02,2025-09-08,6,Naive (last value),9598.61,11389.59
3,2025-09-02,2025-09-09,7,Naive (last value),10736.37,11389.59
3,2025-09-02,2025-09-10,8,Naive (last value),10412.99,11389.59
3,2025-09-02,2025-09-11,9,Naive (last value),10439.82,11389.59
3,2025-09-02,2025-09-12,10,Naive (last value),11635.26,11389.59
3,2025-09-02,2025-09-13,11,Naive (last value),12206.9,11389.59
3,2025-09-02,2025-09-14,12,Naive (last value),9198.09,11389.59
3,2025-09-02,2025-09-15,13,Naive (last value),10293.74,11389.59
3,2025-09-02,2025-09-16,14,Naive (last value),10484.47,11389.59
3,2025-09-02,2025-09-17,15,Naive (last value),11551.16,11389.59
3,2025-09-02,2025-09-18,16,Naive (last value),11534.16,11389.59
3,2025-09-02,2025-09-19,17,Naive (last value),12785.94,11389.59
3,2025-09-02,2025-09-20,18,Naive (last value),12725.09,11389.59
3,2025-09-02,2025-09-21,19,Naive (last value),9394.81,11389.59
3,2025-09-02,2025-09-22,20,Naive (last value),9497.42,11389.59
3,2025-09-02,2025-09-23,21,Naive (last value),8177.92,11389.59
3,2025-09-02,2025-09-24,22,Naive (last value),12311.62,11389.59
3,2025-09-02,2025-09-25,23,Naive (last value),9553.009999999998,11389.59
3,2025-09-02,2025-09-26,24,Naive (last value),12048.95,11389.59
3,2025-09-02,2025-09-27,25,Naive (last value),11740.09,11389.59
3,2025-09-02,2025-09-28,26,Naive (last value),9496.42,11389.59
3,2025-09-02,2025-09-29,27,Naive (last value),9875.66,11389.59
3,2025-09-02,2025-09-30,28,Naive (last value),10564.43,11389.59
3,2025-09-02,2025-10-01,29,Naive (last value),10022.49,11389.59
3,2025-09-02,2025-10-02,30,Naive (last value),11889.63,11389.59
3,2025-09-02,2025-09-03,1,Seasonal naive (t-7),14338.28,10807.61
3,2025-09-02,2025-09-04,2,Seasonal naive (t-7),12176.88,10851.63
3,2025-09-02,2025-09-05,3,Seasonal naive (t-7),13958.18,14239.02
3,2025-09-02,2025-09-06,4,Seasonal naive (t-7),14159.24,11316.26
3,2025-09-02,2025-09-07,5,Seasonal naive (t-7),9658.99,8023.3
3,2025-09-02,2025-09-08,6,Seasonal naive (t-7),9598.61,11209.46
3,2025-09-02,2025-09-09,7,Seasonal naive (t-7),10736.37,11389.59
3,2025-09-02,2025-09-10,8,Seasonal naive (t-7),10412.99,10807.61
3,2025-09-02,2025-09-11,9,Seasonal naive (t-7),10439.82,10851.63
3,2025-09-02,2025-09-12,10,Seasonal naive (t-7),11635.26,14239.02
3,2025-09-02,2025-09-13,11,Seasonal naive (t-7),12206.9,11316.26
3,2025-09-02,2025-09-14,12,Seasonal naive (t-7),9198.09,8023.3
3,2025-09-02,2025-09-15,13,Seasonal naive (t-7),10293.74,11209.46
3,2025-09-02,2025-09-16,14,Seasonal naive (t-7),10484.47,11389.59
3,2025-09-02,2025-09-17,15,Seasonal naive (t-7),11551.16,10807.61
3,2025-09-02,2025-09-18,16,Seasonal naive (t-7),11534.16,10851.63
3,2025-09-02,2025-09-19,17,Seasonal naive (t-7),12785.94,14239.02
3,2025-09-02,2025-09-20,18,Seasonal naive (t-7),12725.09,11316.26
3,2025-09-02,2025-09-21,19,Seasonal naive (t-7),9394.81,8023.3
3,2025-09-02,2025-09-22,20,Seasonal naive (t-7),9497.42,11209.46
3,2025-09-02,2025-09-23,21,Seasonal naive (t-7),8177.92,11389.59
3,2025-09-02,2025-09-24,22,Seasonal naive (t-7),12311.62,10807.61
3,2025-09-02,2025-09-25,23,Seasonal naive (t-7),9553.009999999998,10851.63
3,2025-09-02,2025-09-26,24,Seasonal naive (t-7),12048.95,14239.02
3,2025-09-02,2025-09-27,25,Seasonal naive (t-7),11740.09,11316.26
3,2025-09-02,2025-09-28,26,Seasonal naive (t-7),9496.42,8023.3
3,2025-09-02,2025-09-29,27,Seasonal naive (t-7),9875.66,11209.46
3,2025-09-02,2025-09-30,28,Seasonal naive (t-7),10564.43,11389.59
3,2025-09-02,2025-10-01,29,Seasonal naive (t-7),10022.49,10807.61
3,2025-09-02,2025-10-02,30,Seasonal naive (t-7),11889.63,10851.63
3,2025-09-02,2025-09-03,1,Seasonal naive (t-364),14338.28,9480.23
3,2025-09-02,2025-09-04,2,Seasonal naive (t-364),12176.88,10141.47
3,2025-09-02,2025-09-05,3,Seasonal naive (t-364),13958.18,11393.51
3,2025-09-02,2025-09-06,4,Seasonal naive (t-364),14159.24,10572.32
3,2025-09-02,2025-09-07,5,Seasonal naive (t-364),9658.99,10458.13
3,2025-09-02,2025-09-08,6,Seasonal naive (t-364),9598.61,8377.26
3,2025-09-02,2025-09-09,7,Seasonal naive (t-364),10736.37,9196.68
3,2025-09-02,2025-09-10,8,Seasonal naive (t-364),10412.99,10262.18
3,2025-09-02,2025-09-11,9,Seasonal naive (t-364),10439.82,9051.35
3,2025-09-02,2025-09-12,10,Seasonal naive (t-364),11635.26,10953.89
3,2025-09-02,2025-09-13,11,Seasonal naive (t-364),12206.9,9936.49
3,2025-09-02,2025-09-14,12,Seasonal naive (t-364),9198.09,7778.019999999999
3,2025-09-02,2025-09-15,13,Seasonal naive (t-364),10293.74,10880.77
3,2025-09-02,2025-09-16,14,Seasonal naive (t-364),10484.47,11163.8
3,2025-09-02,2025-09-17,15,Seasonal naive (t-364),11551.16,11839.95
3,2025-09-02,2025-09-18,16,Seasonal naive (t-364),11534.16,10117.31
3,2025-09-02,2025-09-19,17,Seasonal naive (t-364),12785.94,11577.0
3,2025-09-02,2025-09-20,18,Seasonal naive (t-364),12725.09,10068.85
3,2025-09-02,2025-09-21,19,Seasonal naive (t-364),9394.81,9414.52
3,2025-09-02,2025-09-22,20,Seasonal naive (t-364),9497.42,8915.35
3,2025-09-02,2025-09-23,21,Seasonal naive (t-364),8177.92,11970.49
3,2025-09-02,2025-09-24,22,Seasonal naive (t-364),12311.62,16160.14
3,2025-09-02,2025-09-25,23,Seasonal naive (t-364),9553.009999999998,9693.98
3,2025-09-02,2025-09-26,24,Seasonal naive (t-364),12048.95,9199.37
3,2025-09-02,2025-09-27,25,Seasonal naive (t-364),11740.09,8189.25
3,2025-09-02,2025-09-28,26,Seasonal naive (t-364),9496.42,9254.12
3,2025-09-02,2025-09-29,27,Seasonal naive (t-364),9875.66,9641.26
3,2025-09-02,2025-09-30,28,Seasonal naive (t-364),10564.43,11258.1
3,2025-09-02,2025-10-01,29,Seasonal naive (t-364),10022.49,9613.35
3,2025-09-02,2025-10-02,30,Seasonal naive (t-364),11889.63,11190.09
3,2025-09-02,2025-09-03,1,Day-of-week mean (8w),14338.28,10248.2375
3,2025-09-02,2025-09-04,2,Day-of-week mean (8w),12176.88,10394.6175
3,2025-09-02,2025-09-05,3,Day-of-week mean (8w),13958.18,11992.6775
3,2025-09-02,2025-09-06,4,Day-of-week mean (8w),14159.24,11669.678750000001
3,2025-09-02,2025-09-07,5,Day-of-week mean (8w),9658.99,9813.23375
3,2025-09-02,2025-09-08,6,Day-of-week mean (8w),9598.61,10773.755
3,2025-09-02,2025-09-09,7,Day-of-week mean (8w),10736.37,10390.685
3,2025-09-02,2025-09-10,8,Day-of-week mean (8w),10412.99,10248.2375
3,2025-09-02,2025-09-11,9,Day-of-week mean (8w),10439.82,10394.6175
3,2025-09-02,2025-09-12,10,Day-of-week mean (8w),11635.26,11992.6775
3,2025-09-02,2025-09-13,11,Day-of-week mean (8w),12206.9,11669.678750000001
3,2025-09-02,2025-09-14,12,Day-of-week mean (8w),9198.09,9813.23375
3,2025-09-02,2025-09-15,13,Day-of-week mean (8w),10293.74,10773.755
3,2025-09-02,2025-09-16,14,Day-of-week mean (8w),10484.47,10390.685
3,2025-09-02,2025-09-17,15,Day-of-week mean (8w),11551.16,10248.2375
3,2025-09-02,2025-09-18,16,Day-of-week mean (8w),11534.16,10394.6175
3,2025-09-02,2025-09-19,17,Day-of-week mean (8w),12785.94,11992.6775
3,2025-09-02,2025-09-20,18,Day-of-week mean (8w),12725.09,11669.678750000001
3,2025-09-02,2025-09-21,19,Day-of-week mean (8w),9394.81,9813.23375
3,2025-09-02,2025-09-22,20,Day-of-week mean (8w),9497.42,10773.755
3,2025-09-02,2025-09-23,21,Day-of-week mean (8w),8177.92,10390.685
3,2025-09-02,2025-09-24,22,Day-of-week mean (8w),12311.62,10248.2375
3,2025-09-02,2025-09-25,23,Day-of-week mean (8w),9553.009999999998,10394.6175
3,2025-09-02,2025-09-26,24,Day-of-week mean (8w),12048.95,11992.6775
3,2025-09-02,2025-09-27,25,Day-of-week mean (8w),11740.09,11669.678750000001
3,2025-09-02,2025-09-28,26,Day-of-week mean (8w),9496.42,9813.23375
3,2025-09-02,2025-09-29,27,Day-of-week mean (8w),9875.66,10773.755
3,2025-09-02,2025-09-30,28,Day-of-week mean (8w),10564.43,10390.685
3,2025-09-02,2025-10-01,29,Day-of-week mean (8w),10022.49,10248.2375
3,2025-09-02,2025-10-02,30,Day-of-week mean (8w),11889.63,10394.6175
3,2025-09-02,2025-09-03,1,Random Forest,14338.28,11148.999337393705
3,2025-09-02,2025-09-04,2,Random Forest,12176.88,11000.937623869542
3,2025-09-02,2025-09-05,3,Random Forest,13958.18,11584.297420115967
3,2025-09-02,2025-09-06,4,Random Forest,14159.24,11085.599543128077
3,2025-09-02,2025-09-07,5,Random Forest,9658.99,10812.113491810052
3,2025-09-02,2025-09-08,6,Random Forest,9598.61,10993.718571418001
3,2025-09-02,2025-09-09,7,Random Forest,10736.37,11194.361488917104
3,2025-09-02,2025-09-10,8,Random Forest,10412.99,11309.15239250937
3,2025-09-02,2025-09-11,9,Random Forest,10439.82,11215.87677125568
3,2025-09-02,2025-09-12,10,Random Forest,11635.26,12059.348427152225
3,2025-09-02,2025-09-13,11,Random Forest,12206.9,11290.575035507683
3,2025-09-02,2025-09-14,12,Random Forest,9198.09,10744.765182226882
3,2025-09-02,2025-09-15,13,Random Forest,10293.74,11850.649952285334
3,2025-09-02,2025-09-16,14,Random Forest,10484.47,11687.305811966251
3,2025-09-02,2025-09-17,15,Random Forest,11551.16,12415.912310789794
3,2025-09-02,2025-09-18,16,Random Forest,11534.16,11266.76037662499
3,2025-09-02,2025-09-19,17,Random Forest,12785.94,12028.200133446127
3,2025-09-02,2025-09-20,18,Random Forest,12725.09,11740.435239558521
3,2025-09-02,2025-09-21,19,Random Forest,9394.81,11312.940886976397
3,2025-09-02,2025-09-22,20,Random Forest,9497.42,12053.046465366408
3,2025-09-02,2025-09-23,21,Random Forest,8177.92,14958.919529932626
3,2025-09-02,2025-09-24,22,Random Forest,12311.62,13031.16024741442
3,2025-09-02,2025-09-25,23,Random Forest,9553.009999999998,14868.032179272832
3,2025-09-02,2025-09-26,24,Random Forest,12048.95,15372.272368641452
3,2025-09-02,2025-09-27,25,Random Forest,11740.09,15554.110876893692
3,2025-09-02,2025-09-28,26,Random Forest,9496.42,10353.369887050227
3,2025-09-02,2025-09-29,27,Random Forest,9875.66,8771.735965379085
3,2025-09-02,2025-09-30,28,Random Forest,10564.43,8391.2133231423
3,2025-09-02,2025-10-01,29,Random Forest,10022.49,9247.396617173661
3,2025-09-02,2025-10-02,30,Random Forest,11889.63,9685.956296562028
3,2025-09-02,2025-09-03,1,LightGBM,14338.28,11275.002655891703
3,2025-09-02,2025-09-04,2,LightGBM,12176.88,11688.777172482518
3,2025-09-02,2025-09-05,3,LightGBM,13958.18,11805.715228287654
3,2025-09-02,2025-09-06,4,LightGBM,14159.24,11755.592457560544
3,2025-09-02,2025-09-07,5,LightGBM,9658.99,11087.430403478642
3,2025-09-02,2025-09-08,6,LightGBM,9598.61,11423.996377408355
3,2025-09-02,2025-09-09,7,LightGBM,10736.37,11135.474688478907
3,2025-09-02,2025-09-10,8,LightGBM,10412.99,11251.283236174293
3,2025-09-02,2025-09-11,9,LightGBM,10439.82,11490.708002653766
3,2025-09-02,2025-09-12,10,LightGBM,11635.26,11939.760871032006
3,2025-09-02,2025-09-13,11,LightGBM,12206.9,11818.117191813244
3,2025-09-02,2025-09-14,12,LightGBM,9198.09,10484.764519716357
3,2025-09-02,2025-09-15,13,LightGBM,10293.74,11708.366063000052
3,2025-09-02,2025-09-16,14,LightGBM,10484.47,11238.360452933483
3,2025-09-02,2025-09-17,15,LightGBM,11551.16,13304.627921815716
3,2025-09-02,2025-09-18,16,LightGBM,11534.16,11012.606553146723
3,2025-09-02,2025-09-19,17,LightGBM,12785.94,13065.046815283347
3,2025-09-02,2025-09-20,18,LightGBM,12725.09,12040.456701374173
3,2025-09-02,2025-09-21,19,LightGBM,9394.81,10569.456042499476
3,2025-09-02,2025-09-22,20,LightGBM,9497.42,11721.643447238055
3,2025-09-02,2025-09-23,21,LightGBM,8177.92,11963.088882316213
3,2025-09-02,2025-09-24,22,LightGBM,12311.62,12785.633039246486
3,2025-09-02,2025-09-25,23,LightGBM,9553.009999999998,13231.5567666792
3,2025-09-02,2025-09-26,24,LightGBM,12048.95,15435.554851205265
3,2025-09-02,2025-09-27,25,LightGBM,11740.09,11806.614732987919
3,2025-09-02,2025-09-28,26,LightGBM,9496.42,10925.796722591194
3,2025-09-02,2025-09-29,27,LightGBM,9875.66,11376.924354348319
3,2025-09-02,2025-09-30,28,LightGBM,10564.43,10538.734621580503
3,2025-09-02,2025-10-01,29,LightGBM,10022.49,9324.024564711235
3,2025-09-02,2025-10-02,30,LightGBM,11889.63,9853.164334332574
3,2025-09-02,2025-09-03,1,"SARIMA(1,1,1)(1,1,1,7)",14338.28,11352.941539619458
3,2025-09-02,2025-09-04,2,"SARIMA(1,1,1)(1,1,1,7)",12176.88,10909.368323475284
3,2025-09-02,2025-09-05,3,"SARIMA(1,1,1)(1,1,1,7)",13958.18,11962.038220670289
3,2025-09-02,2025-09-06,4,"SARIMA(1,1,1)(1,1,1,7)",14159.24,11284.632121884026
3,2025-09-02,2025-09-07,5,"SARIMA(1,1,1)(1,1,1,7)",9658.99,10215.464089007284
3,2025-09-02,2025-09-08,6,"SARIMA(1,1,1)(1,1,1,7)",9598.61,10376.905917060743
3,2025-09-02,2025-09-09,7,"SARIMA(1,1,1)(1,1,1,7)",10736.37,10538.94450766913
3,2025-09-02,2025-09-10,8,"SARIMA(1,1,1)(1,1,1,7)",10412.99,11076.268287494813
3,2025-09-02,2025-09-11,9,"SARIMA(1,1,1)(1,1,1,7)",10439.82,10817.90478931785
3,2025-09-02,2025-09-12,10,"SARIMA(1,1,1)(1,1,1,7)",11635.26,11901.096392042522
3,2025-09-02,2025-09-13,11,"SARIMA(1,1,1)(1,1,1,7)",12206.9,11265.174808053409
3,2025-09-02,2025-09-14,12,"SARIMA(1,1,1)(1,1,1,7)",9198.09,10228.817436442378
3,2025-09-02,2025-09-15,13,"SARIMA(1,1,1)(1,1,1,7)",10293.74,10357.753216008496
3,2025-09-02,2025-09-16,14,"SARIMA(1,1,1)(1,1,1,7)",10484.47,10519.944857106162
3,2025-09-02,2025-09-17,15,"SARIMA(1,1,1)(1,1,1,7)",11551.16,11062.540005607236
3,2025-09-02,2025-09-18,16,"SARIMA(1,1,1)(1,1,1,7)",11534.16,10806.368487315774
3,2025-09-02,2025-09-19,17,"SARIMA(1,1,1)(1,1,1,7)",12785.94,11888.830443118324
3,2025-09-02,2025-09-20,18,"SARIMA(1,1,1)(1,1,1,7)",12725.09,11253.964101650588
3,2025-09-02,2025-09-21,19,"SARIMA(1,1,1)(1,1,1,7)",9394.81,10218.960897509545
3,2025-09-02,2025-09-22,20,"SARIMA(1,1,1)(1,1,1,7)",9497.42,10347.434237220908
3,2025-09-02,2025-09-23,21,"SARIMA(1,1,1)(1,1,1,7)",8177.92,10509.46913316463
3,2025-09-02,2025-09-24,22,"SARIMA(1,1,1)(1,1,1,7)",12311.62,11051.588770476601
3,2025-09-02,2025-09-25,23,"SARIMA(1,1,1)(1,1,1,7)",9553.009999999998,10795.690243136181
3,2025-09-02,2025-09-26,24,"SARIMA(1,1,1)(1,1,1,7)",12048.95,11877.087084485536
3,2025-09-02,2025-09-27,25,"SARIMA(1,1,1)(1,1,1,7)",11740.09,11242.851935343746
3,2025-09-02,2025-09-28,26,"SARIMA(1,1,1)(1,1,1,7)",9496.42,10208.873950809693
3,2025-09-02,2025-09-29,27,"SARIMA(1,1,1)(1,1,1,7)",9875.66,10337.216983265167
3,2025-09-02,2025-09-30,28,"SARIMA(1,1,1)(1,1,1,7)",10564.43,10499.09194836713
3,2025-09-02,2025-10-01,29,"SARIMA(1,1,1)(1,1,1,7)",10022.49,11040.677012008306
3,2025-09-02,2025-10-02,30,"SARIMA(1,1,1)(1,1,1,7)",11889.63,10785.031323905265
4,2025-10-02,2025-10-03,1,Naive (last value),13173.71,11889.63
4,2025-10-02,2025-10-04,2,Naive (last value),10222.15,11889.63
4,2025-10-02,2025-10-05,3,Naive (last value),9311.13,11889.63
4,2025-10-02,2025-10-06,4,Naive (last value),10402.5,11889.63
4,2025-10-02,2025-10-07,5,Naive (last value),10831.48,11889.63
4,2025-10-02,2025-10-08,6,Naive (last value),10706.56,11889.63
4,2025-10-02,2025-10-09,7,Naive (last value),8386.32,11889.63
4,2025-10-02,2025-10-10,8,Naive (last value),10213.19,11889.63
4,2025-10-02,2025-10-11,9,Naive (last value),11181.44,11889.63
4,2025-10-02,2025-10-12,10,Naive (last value),9996.86,11889.63
4,2025-10-02,2025-10-13,11,Naive (last value),11100.18,11889.63
4,2025-10-02,2025-10-14,12,Naive (last value),10867.96,11889.63
4,2025-10-02,2025-10-15,13,Naive (last value),11046.08,11889.63
4,2025-10-02,2025-10-16,14,Naive (last value),9841.14,11889.63
4,2025-10-02,2025-10-17,15,Naive (last value),10730.06,11889.63
4,2025-10-02,2025-10-18,16,Naive (last value),12103.54,11889.63
4,2025-10-02,2025-10-19,17,Naive (last value),8781.8,11889.63
4,2025-10-02,2025-10-20,18,Naive (last value),9348.36,11889.63
4,2025-10-02,2025-10-21,19,Naive (last value),9628.87,11889.63
4,2025-10-02,2025-10-22,20,Naive (last value),10872.94,11889.63
4,2025-10-02,2025-10-23,21,Naive (last value),11105.96,11889.63
4,2025-10-02,2025-10-24,22,Naive (last value),12780.83,11889.63
4,2025-10-02,2025-10-25,23,Naive (last value),10816.14,11889.63
4,2025-10-02,2025-10-26,24,Naive (last value),9225.91,11889.63
4,2025-10-02,2025-10-27,25,Naive (last value),9393.15,11889.63
4,2025-10-02,2025-10-28,26,Naive (last value),9634.32,11889.63
4,2025-10-02,2025-10-29,27,Naive (last value),12130.98,11889.63
4,2025-10-02,2025-10-30,28,Naive (last value),11074.41,11889.63
4,2025-10-02,2025-10-31,29,Naive (last value),14947.62,11889.63
4,2025-10-02,2025-11-01,30,Naive (last value),11339.79,11889.63
4,2025-10-02,2025-10-03,1,Seasonal naive (t-7),13173.71,12048.95
4,2025-10-02,2025-10-04,2,Seasonal naive (t-7),10222.15,11740.09
4,2025-10-02,2025-10-05,3,Seasonal naive (t-7),9311.13,9496.42
4,2025-10-02,2025-10-06,4,Seasonal naive (t-7),10402.5,9875.66
4,2025-10-02,2025-10-07,5,Seasonal naive (t-7),10831.48,10564.43
4,2025-10-02,2025-10-08,6,Seasonal naive (t-7),10706.56,10022.49
4,2025-10-02,2025-10-09,7,Seasonal naive (t-7),8386.32,11889.63
4,2025-10-02,2025-10-10,8,Seasonal naive (t-7),10213.19,12048.95
4,2025-10-02,2025-10-11,9,Seasonal naive (t-7),11181.44,11740.09
4,2025-10-02,2025-10-12,10,Seasonal naive (t-7),9996.86,9496.42
4,2025-10-02,2025-10-13,11,Seasonal naive (t-7),11100.18,9875.66
4,2025-10-02,2025-10-14,12,Seasonal naive (t-7),10867.96,10564.43
4,2025-10-02,2025-10-15,13,Seasonal naive (t-7),11046.08,10022.49
4,2025-10-02,2025-10-16,14,Seasonal naive (t-7),9841.14,11889.63
4,2025-10-02,2025-10-17,15,Seasonal naive (t-7),10730.06,12048.95
4,2025-10-02,2025-10-18,16,Seasonal naive (t-7),12103.54,11740.09
4,2025-10-02,2025-10-19,17,Seasonal naive (t-7),8781.8,9496.42
4,2025-10-02,2025-10-20,18,Seasonal naive (t-7),9348.36,9875.66
4,2025-10-02,2025-10-21,19,Seasonal naive (t-7),9628.87,10564.43
4,2025-10-02,2025-10-22,20,Seasonal naive (t-7),10872.94,10022.49
4,2025-10-02,2025-10-23,21,Seasonal naive (t-7),11105.96,11889.63
4,2025-10-02,2025-10-24,22,Seasonal naive (t-7),12780.83,12048.95
4,2025-10-02,2025-10-25,23,Seasonal naive (t-7),10816.14,11740.09
4,2025-10-02,2025-10-26,24,Seasonal naive (t-7),9225.91,9496.42
4,2025-10-02,2025-10-27,25,Seasonal naive (t-7),9393.15,9875.66
4,2025-10-02,2025-10-28,26,Seasonal naive (t-7),9634.32,10564.43
4,2025-10-02,2025-10-29,27,Seasonal naive (t-7),12130.98,10022.49
4,2025-10-02,2025-10-30,28,Seasonal naive (t-7),11074.41,11889.63
4,2025-10-02,2025-10-31,29,Seasonal naive (t-7),14947.62,12048.95
4,2025-10-02,2025-11-01,30,Seasonal naive (t-7),11339.79,11740.09
4,2025-10-02,2025-10-03,1,Seasonal naive (t-364),13173.71,10253.85
4,2025-10-02,2025-10-04,2,Seasonal naive (t-364),10222.15,12713.7
4,2025-10-02,2025-10-05,3,Seasonal naive (t-364),9311.13,33256.340000000004
4,2025-10-02,2025-10-06,4,Seasonal naive (t-364),10402.5,2975.99
4,2025-10-02,2025-10-07,5,Seasonal naive (t-364),10831.48,4135.29
4,2025-10-02,2025-10-08,6,Seasonal naive (t-364),10706.56,21047.66
4,2025-10-02,2025-10-09,7,Seasonal naive (t-364),8386.32,10200.18
4,2025-10-02,2025-10-10,8,Seasonal naive (t-364),10213.19,3187.9700000000003
4,2025-10-02,2025-10-11,9,Seasonal naive (t-364),11181.44,3094.75
4,2025-10-02,2025-10-12,10,Seasonal naive (t-364),9996.86,2063.94
4,2025-10-02,2025-10-13,11,Seasonal naive (t-364),11100.18,2264.21
4,2025-10-02,2025-10-14,12,Seasonal naive (t-364),10867.96,1864.82
4,2025-10-02,2025-10-15,13,Seasonal naive (t-364),11046.08,12131.24
4,2025-10-02,2025-10-16,14,Seasonal naive (t-364),9841.14,14676.61
4,2025-10-02,2025-10-17,15,Seasonal naive (t-364),10730.06,17404.09
4,2025-10-02,2025-10-18,16,Seasonal naive (t-364),12103.54,8920.83
4,2025-10-02,2025-10-19,17,Seasonal naive (t-364),8781.8,9105.84
4,2025-10-02,2025-10-20,18,Seasonal naive (t-364),9348.36,9850.82
4,2025-10-02,2025-10-21,19,Seasonal naive (t-364),9628.87,9722.27
4,2025-10-02,2025-10-22,20,Seasonal naive (t-364),10872.94,9212.19
4,2025-10-02,2025-10-23,21,Seasonal naive (t-364),11105.96,10745.68
4,2025-10-02,2025-10-24,22,Seasonal naive (t-364),12780.83,11926.48
4,2025-10-02,2025-10-25,23,Seasonal naive (t-364),10816.14,9596.29
4,2025-10-02,2025-10-26,24,Seasonal naive (t-364),9225.91,9018.34
4,2025-10-02,2025-10-27,25,Seasonal naive (t-364),9393.15,10035.41
4,2025-10-02,2025-10-28,26,Seasonal naive (t-364),9634.32,10003.25
4,2025-10-02,2025-10-29,27,Seasonal naive (t-364),12130.98,12474.61
4,2025-10-02,2025-10-30,28,Seasonal naive (t-364),11074.41,10331.74
4,2025-10-02,2025-10-31,29,Seasonal naive (t-364),14947.62,10799.63
4,2025-10-02,2025-11-01,30,Seasonal naive (t-364),11339.79,9404.07
4,2025-10-02,2025-10-03,1,Day-of-week mean (8w),13173.71,12726.45875
4,2025-10-02,2025-10-04,2,Day-of-week mean (8w),10222.15,11927.02125
4,2025-10-02,2025-10-05,3,Day-of-week mean (8w),9311.13,9476.76375
4,2025-10-02,2025-10-06,4,Day-of-week mean (8w),10402.5,10602.50125
4,2025-10-02,2025-10-07,5,Day-of-week mean (8w),10831.48,10483.1775
4,2025-10-02,2025-10-08,6,Day-of-week mean (8w),10706.56,11356.27125
4,2025-10-02,2025-10-09,7,Day-of-week mean (8w),8386.32,11065.637499999999
4,2025-10-02,2025-10-10,8,Day-of-week mean (8w),10213.19,12726.45875
4,2025-10-02,2025-10-11,9,Day-of-week mean (8w),11181.44,11927.02125
4,2025-10-02,2025-10-12,10,Day-of-week mean (8w),9996.86,9476.76375
4,2025-10-02,2025-10-13,11,Day-of-week mean (8w),11100.18,10602.50125
4,2025-10-02,2025-10-14,12,Day-of-week mean (8w),10867.96,10483.1775
4,2025-10-02,2025-10-15,13,Day-of-week mean (8w),11046.08,11356.27125
4,2025-10-02,2025-10-16,14,Day-of-week mean (8w),9841.14,11065.637499999999
4,2025-10-02,2025-10-17,15,Day-of-week mean (8w),10730.06,12726.45875
4,2025-10-02,2025-10-18,16,Day-of-week mean (8w),12103.54,11927.02125
4,2025-10-02,2025-10-19,17,Day-of-week mean (8w),8781.8,9476.76375
4,2025-10-02,2025-10-20,18,Day-of-week mean (8w),9348.36,10602.50125
4,2025-10-02,2025-10-21,19,Day-of-week mean (8w),9628.87,10483.1775
4,2025-10-02,2025-10-22,20,Day-of-week mean (8w),10872.94,11356.27125
4,2025-10-02,2025-10-23,21,Day-of-week mean (8w),11105.96,11065.637499999999
4,2025-10-02,2025-10-24,22,Day-of-week mean (8w),12780.83,12726.45875
4,2025-10-02,2025-10-25,23,Day-of-week mean (8w),10816.14,11927.02125
4,2025-10-02,2025-10-26,24,Day-of-week mean (8w),9225.91,9476.76375
4,2025-10-02,2025-10-27,25,Day-of-week mean (8w),9393.15,10602.50125
4,2025-10-02,2025-10-28,26,Day-of-week mean (8w),9634.32,10483.1775
4,2025-10-02,2025-10-29,27,Day-of-week mean (8w),12130.98,11356.27125
4,2025-10-02,2025-10-30,28,Day-of-week mean (8w),11074.41,11065.637499999999
4,2025-10-02,2025-10-31,29,Day-of-week mean (8w),14947.62,12726.45875
4,2025-10-02,2025-11-01,30,Day-of-week mean (8w),11339.79,11927.02125
4,2025-10-02,2025-10-03,1,Random Forest,13173.71,11383.546457093997
4,2025-10-02,2025-10-04,2,Random Forest,10222.15,13127.10570975552
4,2025-10-02,2025-10-05,3,Random Forest,9311.13,12683.839094519277
4,2025-10-02,2025-10-06,4,Random Forest,10402.5,10914.448979011386
4,2025-10-02,2025-10-07,5,Random Forest,10831.48,11440.374452054379
4,2025-10-02,2025-10-08,6,Random Forest,10706.56,11401.608882302831
4,2025-10-02,2025-10-09,7,Random Forest,8386.32,10835.864359022367
4,2025-10-02,2025-10-10,8,Random Forest,10213.19,11208.697626709803
4,2025-10-02,2025-10-11,9,Random Forest,11181.44,10094.91398435324
4,2025-10-02,2025-10-12,10,Random Forest,9996.86,9742.86100047188
4,2025-10-02,2025-10-13,11,Random Forest,11100.18,9870.691402493438
4,2025-10-02,2025-10-14,12,Random Forest,10867.96,9757.438428512847
4,2025-10-02,2025-10-15,13,Random Forest,11046.08,10013.182548328175
4,2025-10-02,2025-10-16,14,Random Forest,9841.14,11099.52843610625
4,2025-10-02,2025-10-17,15,Random Forest,10730.06,11792.650943281076
4,2025-10-02,2025-10-18,16,Random Forest,12103.54,11517.593880716544
4,2025-10-02,2025-10-19,17,Random Forest,8781.8,10541.185668539496
4,2025-10-02,2025-10-20,18,Random Forest,9348.36,10591.194903137679
4,2025-10-02,2025-10-21,19,Random Forest,9628.87,10585.355119382146
4,2025-10-02,2025-10-22,20,Random Forest,10872.94,11131.375703411732
4,2025-10-02,2025-10-23,21,Random Forest,11105.96,10658.663783506305
4,2025-10-02,2025-10-24,22,Random Forest,12780.83,11168.979688134987
4,2025-10-02,2025-10-25,23,Random Forest,10816.14,10785.796503664995
4,2025-10-02,2025-10-26,24,Random Forest,9225.91,10108.924438456728
4,2025-10-02,2025-10-27,25,Random Forest,9393.15,10682.247447135811
4,2025-10-02,2025-10-28,26,Random Forest,9634.32,10810.689255380901
4,2025-10-02,2025-10-29,27,Random Forest,12130.98,11484.030039508736
4,2025-10-02,2025-10-30,28,Random Forest,11074.41,10807.175114950638
4,2025-10-02,2025-10-31,29,Random Forest,14947.62,11972.809999745154
4,2025-10-02,2025-11-01,30,Random Forest,11339.79,10621.580550693992
4,2025-10-02,2025-10-03,1,LightGBM,13173.71,12310.056935082304
4,2025-10-02,2025-10-04,2,LightGBM,10222.15,12976.261303493562
4,2025-10-02,2025-10-05,3,LightGBM,9311.13,11644.041745823786
4,2025-10-02,2025-10-06,4,LightGBM,10402.5,11135.578633363853
4,2025-10-02,2025-10-07,5,LightGBM,10831.48,10376.431790802459
4,2025-10-02,2025-10-08,6,LightGBM,10706.56,10421.45958645751
4,2025-10-02,2025-10-09,7,LightGBM,8386.32,11096.86017854837
4,2025-10-02,2025-10-10,8,LightGBM,10213.19,12451.780152358711
4,2025-10-02,2025-10-11,9,LightGBM,11181.44,11461.563904087767
4,2025-10-02,2025-10-12,10,LightGBM,9996.86,9364.078245987357
4,2025-10-02,2025-10-13,11,LightGBM,11100.18,10435.598519431136
4,2025-10-02,2025-10-14,12,LightGBM,10867.96,10380.051532564536
4,2025-10-02,2025-10-15,13,LightGBM,11046.08,10472.444392611027
4,2025-10-02,2025-10-16,14,LightGBM,9841.14,11310.591348045611
4,2025-10-02,2025-10-17,15,LightGBM,10730.06,12593.505219517112
4,2025-10-02,2025-10-18,16,LightGBM,12103.54,11928.655919111452
4,2025-10-02,2025-10-19,17,LightGBM,8781.8,9555.878391281263
4,2025-10-02,2025-10-20,18,LightGBM,9348.36,9964.67050709875
4,2025-10-02,2025-10-21,19,LightGBM,9628.87,9919.958508902235
4,2025-10-02,2025-10-22,20,LightGBM,10872.94,10789.78308410971
4,2025-10-02,2025-10-23,21,LightGBM,11105.96,12116.516455935627
4,2025-10-02,2025-10-24,22,LightGBM,12780.83,12393.347312527118
4,2025-10-02,2025-10-25,23,LightGBM,10816.14,11788.562770101695
4,2025-10-02,2025-10-26,24,LightGBM,9225.91,9742.277304292042
4,2025-10-02,2025-10-27,25,LightGBM,9393.15,10440.454844127931
4,2025-10-02,2025-10-28,26,LightGBM,9634.32,10552.431065099763
4,2025-10-02,2025-10-29,27,LightGBM,12130.98,11103.945305319487
4,2025-10-02,2025-10-30,28,LightGBM,11074.41,10533.89260173128
4,2025-10-02,2025-10-31,29,LightGBM,14947.62,11974.12749509089
4,2025-10-02,2025-11-01,30,LightGBM,11339.79,11496.971500649215
4,2025-10-02,2025-10-03,1,"SARIMA(1,1,1)(1,1,1,7)",13173.71,12245.267436082338
4,2025-10-02,2025-10-04,2,"SARIMA(1,1,1)(1,1,1,7)",10222.15,11425.521737560775
4,2025-10-02,2025-10-05,3,"SARIMA(1,1,1)(1,1,1,7)",9311.13,10206.035681476156
4,2025-10-02,2025-10-06,4,"SARIMA(1,1,1)(1,1,1,7)",10402.5,10299.115253238722
4,2025-10-02,2025-10-07,5,"SARIMA(1,1,1)(1,1,1,7)",10831.48,10486.528536118134
4,2025-10-02,2025-10-08,6,"SARIMA(1,1,1)(1,1,1,7)",10706.56,11081.01084365842
4,2025-10-02,2025-10-09,7,"SARIMA(1,1,1)(1,1,1,7)",8386.32,10863.546545306954
4,2025-10-02,2025-10-10,8,"SARIMA(1,1,1)(1,1,1,7)",10213.19,11902.911401104975
4,2025-10-02,2025-10-11,9,"SARIMA(1,1,1)(1,1,1,7)",11181.44,11325.948817264036
4,2025-10-02,2025-10-12,10,"SARIMA(1,1,1)(1,1,1,7)",9996.86,10195.057349124761
4,2025-10-02,2025-10-13,11,"SARIMA(1,1,1)(1,1,1,7)",11100.18,10304.045438901883
4,2025-10-02,2025-10-14,12,"SARIMA(1,1,1)(1,1,1,7)",10867.96,10490.85375538943
4,2025-10-02,2025-10-15,13,"SARIMA(1,1,1)(1,1,1,7)",11046.08,11104.212474176791
4,2025-10-02,2025-10-16,14,"SARIMA(1,1,1)(1,1,1,7)",9841.14,10858.348618813678
4,2025-10-02,2025-10-17,15,"SARIMA(1,1,1)(1,1,1,7)",10730.06,11907.602627481489
4,2025-10-02,2025-10-18,16,"SARIMA(1,1,1)(1,1,1,7)",12103.54,11333.543578643868
4,2025-10-02,2025-10-19,17,"SARIMA(1,1,1)(1,1,1,7)",8781.8,10202.993001350806
4,2025-10-02,2025-10-20,18,"SARIMA(1,1,1)(1,1,1,7)",9348.36,10312.292992275474
4,2025-10-02,2025-10-21,19,"SARIMA(1,1,1)(1,1,1,7)",9628.87,10499.243097988181
4,2025-10-02,2025-10-22,20,"SARIMA(1,1,1)(1,1,1,7)",10872.94,11113.350332926424
4,2025-10-02,2025-10-23,21,"SARIMA(1,1,1)(1,1,1,7)",11105.96,10866.899036387756
4,2025-10-02,2025-10-24,22,"SARIMA(1,1,1)(1,1,1,7)",12780.83,11917.12273261947
4,2025-10-02,2025-10-25,23,"SARIMA(1,1,1)(1,1,1,7)",10816.14,11342.648015752107
4,2025-10-02,2025-10-26,24,"SARIMA(1,1,1)(1,1,1,7)",9225.91,10211.204509129086
4,2025-10-02,2025-10-27,25,"SARIMA(1,1,1)(1,1,1,7)",9393.15,10320.595594447179
4,2025-10-02,2025-10-28,26,"SARIMA(1,1,1)(1,1,1,7)",9634.32,10507.69609620739
4,2025-10-02,2025-10-29,27,"SARIMA(1,1,1)(1,1,1,7)",12130.98,11122.30126849268
4,2025-10-02,2025-10-30,28,"SARIMA(1,1,1)(1,1,1,7)",11074.41,10875.646175275862
4,2025-10-02,2025-10-31,29,"SARIMA(1,1,1)(1,1,1,7)",14947.62,11926.717136383151
4,2025-10-02,2025-11-01,30,"SARIMA(1,1,1)(1,1,1,7)",11339.79,11351.780549367662
5,2025-11-01,2025-11-02,1,Naive (last value),10652.14,11339.79
5,2025-11-01,2025-11-03,2,Naive (last value),11711.9,11339.79
5,2025-11-01,2025-11-04,3,Naive (last value),10334.56,11339.79
5,2025-11-01,2025-11-05,4,Naive (last value),9526.61,11339.79
5,2025-11-01,2025-11-06,5,Naive (last value),8800.79,11339.79
5,2025-11-01,2025-11-07,6,Naive (last value),13054.55,11339.79
5,2025-11-01,2025-11-08,7,Naive (last value),11251.6,11339.79
5,2025-11-01,2025-11-09,8,Naive (last value),9517.74,11339.79
5,2025-11-01,2025-11-10,9,Naive (last value),9924.3,11339.79
5,2025-11-01,2025-11-11,10,Naive (last value),10180.47,11339.79
5,2025-11-01,2025-11-12,11,Naive (last value),9570.76,11339.79
5,2025-11-01,2025-11-13,12,Naive (last value),11840.18,11339.79
5,2025-11-01,2025-11-14,13,Naive (last value),16722.44,11339.79
5,2025-11-01,2025-11-15,14,Naive (last value),12099.85,11339.79
5,2025-11-01,2025-11-16,15,Naive (last value),9910.65,11339.79
5,2025-11-01,2025-11-17,16,Naive (last value),10175.93,11339.79
5,2025-11-01,2025-11-18,17,Naive (last value),9468.66,11339.79
5,2025-11-01,2025-11-19,18,Naive (last value),10043.85,11339.79
5,2025-11-01,2025-11-20,19,Naive (last value),10165.1,11339.79
5,2025-11-01,2025-11-21,20,Naive (last value),13393.09,11339.79
5,2025-11-01,2025-11-22,21,Naive (last value),11228.97,11339.79
5,2025-11-01,2025-11-23,22,Naive (last value),10126.65,11339.79
5,2025-11-01,2025-11-24,23,Naive (last value),9352.2,11339.79
5,2025-11-01,2025-11-25,24,Naive (last value),9613.25,11339.79
5,2025-11-01,2025-11-26,25,Naive (last value),12571.59,11339.79
5,2025-11-01,2025-11-27,26,Naive (last value),8416.52,11339.79
5,2025-11-01,2025-11-28,27,Naive (last value),11509.64,11339.79
5,2025-11-01,2025-11-29,28,Naive (last value),10349.92,11339.79
5,2025-11-01,2025-11-30,29,Naive (last value),10419.57,11339.79
5,2025-11-01,2025-12-01,30,Naive (last value),11401.36,11339.79
5,2025-11-01,2025-11-02,1,Seasonal naive (t-7),10652.14,9225.91
5,2025-11-01,2025-11-03,2,Seasonal naive (t-7),11711.9,9393.15
5,2025-11-01,2025-11-04,3,Seasonal naive (t-7),10334.56,9634.32
5,2025-11-01,2025-11-05,4,Seasonal naive (t-7),9526.61,12130.98
5,2025-11-01,2025-11-06,5,Seasonal naive (t-7),8800.79,11074.41
5,2025-11-01,2025-11-07,6,Seasonal naive (t-7),13054.55,14947.62
5,2025-11-01,2025-11-08,7,Seasonal naive (t-7),11251.6,11339.79
5,2025-11-01,2025-11-09,8,Seasonal naive (t-7),9517.74,9225.91
5,2025-11-01,2025-11-10,9,Seasonal naive (t-7),9924.3,9393.15
5,2025-11-01,2025-11-11,10,Seasonal naive (t-7),10180.47,9634.32
5,2025-11-01,2025-11-12,11,Seasonal naive (t-7),9570.76,12130.98
5,2025-11-01,2025-11-13,12,Seasonal naive (t-7),11840.18,11074.41
5,2025-11-01,2025-11-14,13,Seasonal naive (t-7),16722.44,14947.62
5,2025-11-01,2025-11-15,14,Seasonal naive (t-7),12099.85,11339.79
5,2025-11-01,2025-11-16,15,Seasonal naive (t-7),9910.65,9225.91
5,2025-11-01,2025-11-17,16,Seasonal naive (t-7),10175.93,9393.15
5,2025-11-01,2025-11-18,17,Seasonal naive (t-7),9468.66,9634.32
5,2025-11-01,2025-11-19,18,Seasonal naive (t-7),10043.85,12130.98
5,2025-11-01,2025-11-20,19,Seasonal naive (t-7),10165.1,11074.41
5,2025-11-01,2025-11-21,20,Seasonal naive (t-7),13393.09,14947.62
5,2025-11-01,2025-11-22,21,Seasonal naive (t-7),11228.97,11339.79
5,2025-11-01,2025-11-23,22,Seasonal naive (t-7),10126.65,9225.91
5,2025-11-01,2025-11-24,23,Seasonal naive (t-7),9352.2,9393.15
5,2025-11-01,2025-11-25,24,Seasonal naive (t-7),9613.25,9634.32
5,2025-11-01,2025-11-26,25,Seasonal naive (t-7),12571.59,12130.98
5,2025-11-01,2025-11-27,26,Seasonal naive (t-7),8416.52,11074.41
5,2025-11-01,2025-11-28,27,Seasonal naive (t-7),11509.64,14947.62
5,2025-11-01,2025-11-29,28,Seasonal naive (t-7),10349.92,11339.79
5,2025-11-01,2025-11-30,29,Seasonal naive (t-7),10419.57,9225.91
5,2025-11-01,2025-12-01,30,Seasonal naive (t-7),11401.36,9393.15
5,2025-11-01,2025-11-02,1,Seasonal naive (t-364),10652.14,8213.74
5,2025-11-01,2025-11-03,2,Seasonal naive (t-364),11711.9,8880.11
5,2025-11-01,2025-11-04,3,Seasonal naive (t-364),10334.56,9278.4
5,2025-11-01,2025-11-05,4,Seasonal naive (t-364),9526.61,9943.39
5,2025-11-01,2025-11-06,5,Seasonal naive (t-364),8800.79,9769.96
5,2025-11-01,2025-11-07,6,Seasonal naive (t-364),13054.55,10811.05
5,2025-11-01,2025-11-08,7,Seasonal naive (t-364),11251.6,9105.28
5,2025-11-01,2025-11-09,8,Seasonal naive (t-364),9517.74,9527.68
5,2025-11-01,2025-11-10,9,Seasonal naive (t-364),9924.3,8435.279999999999
5,2025-11-01,2025-11-11,10,Seasonal naive (t-364),10180.47,10939.2
5,2025-11-01,2025-11-12,11,Seasonal naive (t-364),9570.76,13653.24
5,2025-11-01,2025-11-13,12,Seasonal naive (t-364),11840.18,9548.54
5,2025-11-01,2025-11-14,13,Seasonal naive (t-364),16722.44,9881.78
5,2025-11-01,2025-11-15,14,Seasonal naive (t-364),12099.85,9040.85
5,2025-11-01,2025-11-16,15,Seasonal naive (t-364),9910.65,9410.18
5,2025-11-01,2025-11-17,16,Seasonal naive (t-364),10175.93,8656.33
5,2025-11-01,2025-11-18,17,Seasonal naive (t-364),9468.66,11057.28
5,2025-11-01,2025-11-19,18,Seasonal naive (t-364),10043.85,9823.0
5,2025-11-01,2025-11-20,19,Seasonal naive (t-364),10165.1,9519.48
5,2025-11-01,2025-11-21,20,Seasonal naive (t-364),13393.09,11502.48
5,2025-11-01,2025-11-22,21,Seasonal naive (t-364),11228.97,10527.45
5,2025-11-01,2025-11-23,22,Seasonal naive (t-364),10126.65,8657.029999999999
5,2025-11-01,2025-11-24,23,Seasonal naive (t-364),9352.2,8718.54
5,2025-11-01,2025-11-25,24,Seasonal naive (t-364),9613.25,9740.1
5,2025-11-01,2025-11-26,25,Seasonal naive (t-364),12571.59,10533.44
5,2025-11-01,2025-11-27,26,Seasonal naive (t-364),8416.52,6097.36
5,2025-11-01,2025-11-28,27,Seasonal naive (t-364),11509.64,8796.17
5,2025-11-01,2025-11-29,28,Seasonal naive (t-364),10349.92,8876.029999999999
5,2025-11-01,2025-11-30,29,Seasonal naive (t-364),10419.57,8056.15
5,2025-11-01,2025-12-01,30,Seasonal naive (t-364),11401.36,9963.38
5,2025-11-01,2025-11-02,1,Day-of-week mean (8w),10652.14,9383.00125
5,2025-11-01,2025-11-03,2,Day-of-week mean (8w),11711.9,9938.7025
5,2025-11-01,2025-11-04,3,Day-of-week mean (8w),10334.56,10115.7275
5,2025-11-01,2025-11-05,4,Day-of-week mean (8w),9526.61,11131.8525
5,2025-11-01,2025-11-06,5,Day-of-week mean (8w),8800.79,10478.05625
5,2025-11-01,2025-11-07,6,Day-of-week mean (8w),13054.55,12289.445
5,2025-11-01,2025-11-08,7,Day-of-week mean (8w),11251.6,11541.8925
5,2025-11-01,2025-11-09,8,Day-of-week mean (8w),9517.74,9383.00125
5,2025-11-01,2025-11-10,9,Day-of-week mean (8w),9924.3,9938.7025
5,2025-11-01,2025-11-11,10,Day-of-week mean (8w),10180.47,10115.7275
5,2025-11-01,2025-11-12,11,Day-of-week mean (8w),9570.76,11131.8525
5,2025-11-01,2025-11-13,12,Day-of-week mean (8w),11840.18,10478.05625
5,2025-11-01,2025-11-14,13,Day-of-week mean (8w),16722.44,12289.445
5,2025-11-01,2025-11-15,14,Day-of-week mean (8w),12099.85,11541.8925
5,2025-11-01,2025-11-16,15,Day-of-week mean (8w),9910.65,9383.00125
5,2025-11-01,2025-11-17,16,Day-of-week mean (8w),10175.93,9938.7025
5,2025-11-01,2025-11-18,17,Day-of-week mean (8w),9468.66,10115.7275
5,2025-11-01,2025-11-19,18,Day-of-week mean (8w),10043.85,11131.8525
5,2025-11-01,2025-11-20,19,Day-of-week mean (8w),10165.1,10478.05625
5,2025-11-01,2025-11-21,20,Day-of-week mean (8w),13393.09,12289.445
5,2025-11-01,2025-11-22,21,Day-of-week mean (8w),11228.97,11541.8925
5,2025-11-01,2025-11-23,22,Day-of-week mean (8w),10126.65,9383.00125
5,2025-11-01,2025-11-24,23,Day-of-week mean (8w),9352.2,9938.7025
5,2025-11-01,2025-11-25,24,Day-of-week mean (8w),9613.25,10115.7275
5,2025-11-01,2025-11-26,25,Day-of-week mean (8w),12571.59,11131.8525
5,2025-11-01,2025-11-27,26,Day-of-week mean (8w),8416.52,10478.05625
5,2025-11-01,2025-11-28,27,Day-of-week mean (8w),11509.64,12289.445
5,2025-11-01,2025-11-29,28,Day-of-week mean (8w),10349.92,11541.8925
5,2025-11-01,2025-11-30,29,Day-of-week mean (8w),10419.57,9383.00125
5,2025-11-01,2025-12-01,30,Day-of-week mean (8w),11401.36,9938.7025
5,2025-11-01,2025-11-02,1,Random Forest,10652.14,10417.022211679596
5,2025-11-01,2025-11-03,2,Random Forest,11711.9,11243.193320964836
5,2025-11-01,2025-11-04,3,Random Forest,10334.56,12097.20106225189
5,2025-11-01,2025-11-05,4,Random Forest,9526.61,11759.476145438208
5,2025-11-01,2025-11-06,5,Random Forest,8800.79,11420.23314650915
5,2025-11-01,2025-11-07,6,Random Forest,13054.55,13380.381547717287
5,2025-11-01,2025-11-08,7,Random Forest,11251.6,14387.284738684057
5,2025-11-01,2025-11-09,8,Random Forest,9517.74,11867.11350008929
5,2025-11-01,2025-11-10,9,Random Forest,9924.3,8255.426179437845
5,2025-11-01,2025-11-11,10,Random Forest,10180.47,10449.005299161872
5,2025-11-01,2025-11-12,11,Random Forest,9570.76,10648.102021575829
5,2025-11-01,2025-11-13,12,Random Forest,11840.18,9300.051885777691
5,2025-11-01,2025-11-14,13,Random Forest,16722.44,10042.840193288335
5,2025-11-01,2025-11-15,14,Random Forest,12099.85,10697.164361627965
5,2025-11-01,2025-11-16,15,Random Forest,9910.65,9820.389448927941
5,2025-11-01,2025-11-17,16,Random Forest,10175.93,9920.947328911467
5,2025-11-01,2025-11-18,17,Random Forest,9468.66,11308.193261578015
5,2025-11-01,2025-11-19,18,Random Forest,10043.85,9814.39493648944
5,2025-11-01,2025-11-20,19,Random Forest,10165.1,9300.647040862186
5,2025-11-01,2025-11-21,20,Random Forest,13393.09,10628.936020081
5,2025-11-01,2025-11-22,21,Random Forest,11228.97,9931.042293836594
5,2025-11-01,2025-11-23,22,Random Forest,10126.65,9250.0680703808
5,2025-11-01,2025-11-24,23,Random Forest,9352.2,9457.691133976727
5,2025-11-01,2025-11-25,24,Random Forest,9613.25,9756.887073842816
5,2025-11-01,2025-11-26,25,Random Forest,12571.59,9848.861452250152
5,2025-11-01,2025-11-27,26,Random Forest,8416.52,8892.9342779894
5,2025-11-01,2025-11-28,27,Random Forest,11509.64,9908.401029079998
5,2025-11-01,2025-11-29,28,Random Forest,10349.92,10232.324660573138
5,2025-11-01,2025-11-30,29,Random Forest,10419.57,9432.306756833526
5,2025-11-01,2025-12-01,30,Random Forest,11401.36,9809.163301365394
5,2025-11-01,2025-11-02,1,LightGBM,10652.14,9299.314241864315
5,2025-11-01,2025-11-03,2,LightGBM,11711.9,10251.555277111805
5,2025-11-01,2025-11-04,3,LightGBM,10334.56,10656.203157818927
5,2025-11-01,2025-11-05,4,LightGBM,9526.61,10820.357942787396
5,2025-11-01,2025-11-06,5,LightGBM,8800.79,11055.45734048665
5,2025-11-01,2025-11-07,6,LightGBM,13054.55,11975.236908589864
5,2025-11-01,2025-11-08,7,LightGBM,11251.6,11992.776020214023
5,2025-11-01,2025-11-09,8,LightGBM,9517.74,9672.042097111118
5,2025-11-01,2025-11-10,9,LightGBM,9924.3,10401.647156824823
5,2025-11-01,2025-11-11,10,LightGBM,10180.47,9455.82004142514
5,2025-11-01,2025-11-12,11,LightGBM,9570.76,10359.088069136727
5,2025-11-01,2025-11-13,12,LightGBM,11840.18,10420.9420280106
5,2025-11-01,2025-11-14,13,LightGBM,16722.44,11666.842229705522
5,2025-11-01,2025-11-15,14,LightGBM,12099.85,11541.263920859685
5,2025-11-01,2025-11-16,15,LightGBM,9910.65,9069.020722390716
5,2025-11-01,2025-11-17,16,LightGBM,10175.93,10527.929481205145
5,2025-11-01,2025-11-18,17,LightGBM,9468.66,10585.831680735871
5,2025-11-01,2025-11-19,18,LightGBM,10043.85,9566.554240155281
5,2025-11-01,2025-11-20,19,LightGBM,10165.1,10462.518500933353
5,2025-11-01,2025-11-21,20,LightGBM,13393.09,11972.405149060909
5,2025-11-01,2025-11-22,21,LightGBM,11228.97,11152.743919816261
5,2025-11-01,2025-11-23,22,LightGBM,10126.65,9164.474054727649
5,2025-11-01,2025-11-24,23,LightGBM,9352.2,10138.0722296811
5,2025-11-01,2025-11-25,24,LightGBM,9613.25,10323.147749677762
5,2025-11-01,2025-11-26,25,LightGBM,12571.59,10149.099631178091
5,2025-11-01,2025-11-27,26,LightGBM,8416.52,8595.196783469397
5,2025-11-01,2025-11-28,27,LightGBM,11509.64,10486.997233303158
5,2025-11-01,2025-11-29,28,LightGBM,10349.92,11024.869281082683
5,2025-11-01,2025-11-30,29,LightGBM,10419.57,9609.934714177358
5,2025-11-01,2025-12-01,30,LightGBM,11401.36,11320.283794356481
5,2025-11-01,2025-11-02,1,"SARIMA(1,1,1)(1,1,1,7)",10652.14,10108.083035377465
5,2025-11-01,2025-11-03,2,"SARIMA(1,1,1)(1,1,1,7)",11711.9,10203.57651742835
5,2025-11-01,2025-11-04,3,"SARIMA(1,1,1)(1,1,1,7)",10334.56,10358.860527433522
5,2025-11-01,2025-11-05,4,"SARIMA(1,1,1)(1,1,1,7)",9526.61,11004.002084224165
5,2025-11-01,2025-11-06,5,"SARIMA(1,1,1)(1,1,1,7)",8800.79,10790.40180442531
5,2025-11-01,2025-11-07,6,"SARIMA(1,1,1)(1,1,1,7)",13054.55,11818.66288169488
5,2025-11-01,2025-11-08,7,"SARIMA(1,1,1)(1,1,1,7)",11251.6,11243.792348869896
5,2025-11-01,2025-11-09,8,"SARIMA(1,1,1)(1,1,1,7)",9517.74,10087.493281427085
5,2025-11-01,2025-11-10,9,"SARIMA(1,1,1)(1,1,1,7)",9924.3,10203.442129959783
5,2025-11-01,2025-11-11,10,"SARIMA(1,1,1)(1,1,1,7)",10180.47,10365.304525810236
5,2025-11-01,2025-11-12,11,"SARIMA(1,1,1)(1,1,1,7)",9570.76,11013.04062878689
5,2025-11-01,2025-11-13,12,"SARIMA(1,1,1)(1,1,1,7)",11840.18,10799.938365506721
5,2025-11-01,2025-11-14,13,"SARIMA(1,1,1)(1,1,1,7)",16722.44,11829.341027052807
5,2025-11-01,2025-11-15,14,"SARIMA(1,1,1)(1,1,1,7)",12099.85,11254.018606350635
5,2025-11-01,2025-11-16,15,"SARIMA(1,1,1)(1,1,1,7)",9910.65,10096.687343573842
5,2025-11-01,2025-11-17,16,"SARIMA(1,1,1)(1,1,1,7)",10175.93,10212.748002210326
5,2025-11-01,2025-11-18,17,"SARIMA(1,1,1)(1,1,1,7)",9468.66,10374.759962978622
5,2025-11-01,2025-11-19,18,"SARIMA(1,1,1)(1,1,1,7)",10043.85,11023.087538052214
5,2025-11-01,2025-11-20,19,"SARIMA(1,1,1)(1,1,1,7)",10165.1,10809.791085017347
5,2025-11-01,2025-11-21,20,"SARIMA(1,1,1)(1,1,1,7)",13393.09,11840.132846283415
5,2025-11-01,2025-11-22,21,"SARIMA(1,1,1)(1,1,1,7)",11228.97,11264.285628113834
5,2025-11-01,2025-11-23,22,"SARIMA(1,1,1)(1,1,1,7)",10126.65,10105.898633597923
5,2025-11-01,2025-11-24,23,"SARIMA(1,1,1)(1,1,1,7)",9352.2,10222.065166660057
5,2025-11-01,2025-11-25,24,"SARIMA(1,1,1)(1,1,1,7)",9613.25,10384.22491823218
5,2025-11-01,2025-11-26,25,"SARIMA(1,1,1)(1,1,1,7)",12571.59,11033.143909599281
5,2025-11-01,2025-11-27,26,"SARIMA(1,1,1)(1,1,1,7)",8416.52,10819.65288375132
5,2025-11-01,2025-11-28,27,"SARIMA(1,1,1)(1,1,1,7)",11509.64,11850.934541387427
5,2025-11-01,2025-11-29,28,"SARIMA(1,1,1)(1,1,1,7)",10349.92,11274.562024998024
5,2025-11-01,2025-11-30,29,"SARIMA(1,1,1)(1,1,1,7)",10419.57,10115.118328959
5,2025-11-01,2025-12-01,30,"SARIMA(1,1,1)(1,1,1,7)",11401.36,10231.390831229925
6,2025-12-01,2025-12-02,1,Naive (last value),9722.87,11401.36
6,2025-12-01,2025-12-03,2,Naive (last value),10133.81,11401.36
6,2025-12-01,2025-12-04,3,Naive (last value),11753.89,11401.36
6,2025-12-01,2025-12-05,4,Naive (last value),12925.61,11401.36
6,2025-12-01,2025-12-06,5,Naive (last value),11866.94,11401.36
6,2025-12-01,2025-12-07,6,Naive (last value),9917.81,11401.36
6,2025-12-01,2025-12-08,7,Naive (last value),11677.57,11401.36
6,2025-12-01,2025-12-09,8,Naive (last value),11100.05,11401.36
6,2025-12-01,2025-12-10,9,Naive (last value),10753.68,11401.36
6,2025-12-01,2025-12-11,10,Naive (last value),10690.67,11401.36
6,2025-12-01,2025-12-12,11,Naive (last value),11857.5,11401.36
6,2025-12-01,2025-12-13,12,Naive (last value),11842.49,11401.36
6,2025-12-01,2025-12-14,13,Naive (last value),9188.98,11401.36
6,2025-12-01,2025-12-15,14,Naive (last value),11130.43,11401.36
6,2025-12-01,2025-12-16,15,Naive (last value),10742.04,11401.36
6,2025-12-01,2025-12-17,16,Naive (last value),11346.08,11401.36
6,2025-12-01,2025-12-18,17,Naive (last value),11603.84,11401.36
6,2025-12-01,2025-12-19,18,Naive (last value),11616.85,11401.36
6,2025-12-01,2025-12-20,19,Naive (last value),13597.92,11401.36
6,2025-12-01,2025-12-21,20,Naive (last value),9384.04,11401.36
6,2025-12-01,2025-12-22,21,Naive (last value),10487.05,11401.36
6,2025-12-01,2025-12-23,22,Naive (last value),11074.65,11401.36
6,2025-12-01,2025-12-24,23,Naive (last value),14929.1,11401.36
6,2025-12-01,2025-12-25,24,Naive (last value),9200.45,11401.36
6,2025-12-01,2025-12-26,25,Naive (last value),11143.13,11401.36
6,2025-12-01,2025-12-27,26,Naive (last value),9413.88,11401.36
6,2025-12-01,2025-12-28,27,Naive (last value),8382.2,11401.36
6,2025-12-01,2025-12-29,28,Naive (last value),8802.01,11401.36
6,2025-12-01,2025-12-30,29,Naive (last value),9627.28,11401.36
6,2025-12-01,2025-12-31,30,Naive (last value),10957.85,11401.36
6,2025-12-01,2025-12-02,1,Seasonal naive (t-7),9722.87,9613.25
6,2025-12-01,2025-12-03,2,Seasonal naive (t-7),10133.81,12571.59
6,2025-12-01,2025-12-04,3,Seasonal naive (t-7),11753.89,8416.52
6,2025-12-01,2025-12-05,4,Seasonal naive (t-7),12925.61,11509.64
6,2025-12-01,2025-12-06,5,Seasonal naive (t-7),11866.94,10349.92
6,2025-12-01,2025-12-07,6,Seasonal naive (t-7),9917.81,10419.57
6,2025-12-01,2025-12-08,7,Seasonal naive (t-7),11677.57,11401.36
6,2025-12-01,2025-12-09,8,Seasonal naive (t-7),11100.05,9613.25
6,2025-12-01,2025-12-10,9,Seasonal naive (t-7),10753.68,12571.59
6,2025-12-01,2025-12-11,10,Seasonal naive (t-7),10690.67,8416.52
6,2025-12-01,2025-12-12,11,Seasonal naive (t-7),11857.5,11509.64
6,2025-12-01,2025-12-13,12,Seasonal naive (t-7),11842.49,10349.92
6,2025-12-01,2025-12-14,13,Seasonal naive (t-7),9188.98,10419.57
6,2025-12-01,2025-12-15,14,Seasonal naive (t-7),11130.43,11401.36
6,2025-12-01,2025-12-16,15,Seasonal naive (t-7),10742.04,9613.25
6,2025-12-01,2025-12-17,16,Seasonal naive (t-7),11346.08,12571.59
6,2025-12-01,2025-12-18,17,Seasonal naive (t-7),11603.84,8416.52
6,2025-12-01,2025-12-19,18,Seasonal naive (t-7),11616.85,11509.64
6,2025-12-01,2025-12-20,19,Seasonal naive (t-7),13597.92,10349.92
6,2025-12-01,2025-12-21,20,Seasonal naive (t-7),9384.04,10419.57
6,2025-12-01,2025-12-22,21,Seasonal naive (t-7),10487.05,11401.36
6,2025-12-01,2025-12-23,22,Seasonal naive (t-7),11074.65,9613.25
6,2025-12-01,2025-12-24,23,Seasonal naive (t-7),14929.1,12571.59
6,2025-12-01,2025-12-25,24,Seasonal naive (t-7),9200.45,8416.52
6,2025-12-01,2025-12-26,25,Seasonal naive (t-7),11143.13,11509.64
6,2025-12-01,2025-12-27,26,Seasonal naive (t-7),9413.88,10349.92
6,2025-12-01,2025-12-28,27,Seasonal naive (t-7),8382.2,10419.57
6,2025-12-01,2025-12-29,28,Seasonal naive (t-7),8802.01,11401.36
6,2025-12-01,2025-12-30,29,Seasonal naive (t-7),9627.28,9613.25
6,2025-12-01,2025-12-31,30,Seasonal naive (t-7),10957.85,12571.59
6,2025-12-01,2025-12-02,1,Seasonal naive (t-364),9722.87,8880.87
6,2025-12-01,2025-12-03,2,Seasonal naive (t-364),10133.81,8508.26
6,2025-12-01,2025-12-04,3,Seasonal naive (t-364),11753.89,9188.81
6,2025-12-01,2025-12-05,4,Seasonal naive (t-364),12925.61,9048.87
6,2025-12-01,2025-12-06,5,Seasonal naive (t-364),11866.94,9225.43
6,2025-12-01,2025-12-07,6,Seasonal naive (t-364),9917.81,7088.81
6,2025-12-01,2025-12-08,7,Seasonal naive (t-364),11677.57,8668.199999999999
6,2025-12-01,2025-12-09,8,Seasonal naive (t-364),11100.05,8761.34
6,2025-12-01,2025-12-10,9,Seasonal naive (t-364),10753.68,10702.29
6,2025-12-01,2025-12-11,10,Seasonal naive (t-364),10690.67,9059.74
6,2025-12-01,2025-12-12,11,Seasonal naive (t-364),11857.5,10703.67
6,2025-12-01,2025-12-13,12,Seasonal naive (t-364),11842.49,10065.69
6,2025-12-01,2025-12-14,13,Seasonal naive (t-364),9188.98,8110.62
6,2025-12-01,2025-12-15,14,Seasonal naive (t-364),11130.43,9235.46
6,2025-12-01,2025-12-16,15,Seasonal naive (t-364),10742.04,7498.67
6,2025-12-01,2025-12-17,16,Seasonal naive (t-364),11346.08,8630.13
6,2025-12-01,2025-12-18,17,Seasonal naive (t-364),11603.84,9466.94
6,2025-12-01,2025-12-19,18,Seasonal naive (t-364),11616.85,11324.7
6,2025-12-01,2025-12-20,19,Seasonal naive (t-364),13597.92,9169.31
6,2025-12-01,2025-12-21,20,Seasonal naive (t-364),9384.04,8550.46
6,2025-12-01,2025-12-22,21,Seasonal naive (t-364),10487.05,10839.82
6,2025-12-01,2025-12-23,22,Seasonal naive (t-364),11074.65,12271.8
6,2025-12-01,2025-12-24,23,Seasonal naive (t-364),14929.1,7641.85
6,2025-12-01,2025-12-25,24,Seasonal naive (t-364),9200.45,9482.6
6,2025-12-01,2025-12-26,25,Seasonal naive (t-364),11143.13,9761.53
6,2025-12-01,2025-12-27,26,Seasonal naive (t-364),9413.88,8761.99
6,2025-12-01,2025-12-28,27,Seasonal naive (t-364),8382.2,8024.42
6,2025-12-01,2025-12-29,28,Seasonal naive (t-364),8802.01,9750.27
6,2025-12-01,2025-12-30,29,Seasonal naive (t-364),9627.28,9972.25
6,2025-12-01,2025-12-31,30,Seasonal naive (t-364),10957.85,8381.11
6,2025-12-01,2025-12-02,1,Day-of-week mean (8w),9722.87,10069.946249999999
6,2025-12-01,2025-12-03,2,Day-of-week mean (8w),10133.81,10808.67125
6,2025-12-01,2025-12-04,3,Day-of-week mean (8w),11753.89,9953.8025
6,2025-12-01,2025-12-05,4,Day-of-week mean (8w),12925.61,12918.9275
6,2025-12-01,2025-12-06,5,Day-of-week mean (8w),11866.94,11296.40625
6,2025-12-01,2025-12-07,6,Day-of-week mean (8w),9917.81,9828.914999999999
6,2025-12-01,2025-12-08,7,Day-of-week mean (8w),11677.57,10300.9225
6,2025-12-01,2025-12-09,8,Day-of-week mean (8w),11100.05,10069.946249999999
6,2025-12-01,2025-12-10,9,Day-of-week mean (8w),10753.68,10808.67125
6,2025-12-01,2025-12-11,10,Day-of-week mean (8w),10690.67,9953.8025
6,2025-12-01,2025-12-12,11,Day-of-week mean (8w),11857.5,12918.9275
6,2025-12-01,2025-12-13,12,Day-of-week mean (8w),11842.49,11296.40625
6,2025-12-01,2025-12-14,13,Day-of-week mean (8w),9188.98,9828.914999999999
6,2025-12-01,2025-12-15,14,Day-of-week mean (8w),11130.43,10300.9225
6,2025-12-01,2025-12-16,15,Day-of-week mean (8w),10742.04,10069.946249999999
6,2025-12-01,2025-12-17,16,Day-of-week mean (8w),11346.08,10808.67125
6,2025-12-01,2025-12-18,17,Day-of-week mean (8w),11603.84,9953.8025
6,2025-12-01,2025-12-19,18,Day-of-week mean (8w),11616.85,12918.9275
6,2025-12-01,2025-12-20,19,Day-of-week mean (8w),13597.92,11296.40625
6,2025-12-01,2025-12-21,20,Day-of-week mean (8w),9384.04,9828.914999999999
6,2025-12-01,2025-12-22,21,Day-of-week mean (8w),10487.05,10300.9225
6,2025-12-01,2025-12-23,22,Day-of-week mean (8w),11074.65,10069.946249999999
6,2025-12-01,2025-12-24,23,Day-of-week mean (8w),14929.1,10808.67125
6,2025-12-01,2025-12-25,24,Day-of-week mean (8w),9200.45,9953.8025
6,2025-12-01,2025-12-26,25,Day-of-week mean (8w),11143.13,12918.9275
6,2025-12-01,2025-12-27,26,Day-of-week mean (8w),9413.88,11296.40625
6,2025-12-01,2025-12-28,27,Day-of-week mean (8w),8382.2,9828.914999999999
6,2025-12-01,2025-12-29,28,Day-of-week mean (8w),8802.01,10300.9225
6,2025-12-01,2025-12-30,29,Day-of-week mean (8w),9627.28,10069.946249999999
6,2025-12-01,2025-12-31,30,Day-of-week mean (8w),10957.85,10808.67125
6,2025-12-01,2025-12-02,1,Random Forest,9722.87,10795.82318753255
6,2025-12-01,2025-12-03,2,Random Forest,10133.81,10248.415380981894
6,2025-12-01,2025-12-04,3,Random Forest,11753.89,9799.655794704659
6,2025-12-01,2025-12-05,4,Random Forest,12925.61,10549.49181682983
6,2025-12-01,2025-12-06,5,Random Forest,11866.94,10406.020671350268
6,2025-12-01,2025-12-07,6,Random Forest,9917.81,9832.751669092177
6,2025-12-01,2025-12-08,7,Random Forest,11677.57,10051.629241523715
6,2025-12-01,2025-12-09,8,Random Forest,11100.05,10243.358307215396
6,2025-12-01,2025-12-10,9,Random Forest,10753.68,10591.945441379396
6,2025-12-01,2025-12-11,10,Random Forest,10690.67,10291.09735839351
6,2025-12-01,2025-12-12,11,Random Forest,11857.5,10970.65503333853
6,2025-12-01,2025-12-13,12,Random Forest,11842.49,10558.835215307521
6,2025-12-01,2025-12-14,13,Random Forest,9188.98,9753.367177085443
6,2025-12-01,2025-12-15,14,Random Forest,11130.43,10270.948358302405
6,2025-12-01,2025-12-16,15,Random Forest,10742.04,10221.191688867366
6,2025-12-01,2025-12-17,16,Random Forest,11346.08,10371.104269885254
6,2025-12-01,2025-12-18,17,Random Forest,11603.84,10248.455629086424
6,2025-12-01,2025-12-19,18,Random Forest,11616.85,11303.599980913657
6,2025-12-01,2025-12-20,19,Random Forest,13597.92,10674.593959075972
6,2025-12-01,2025-12-21,20,Random Forest,9384.04,9704.58157100215
6,2025-12-01,2025-12-22,21,Random Forest,10487.05,10412.790194266623
6,2025-12-01,2025-12-23,22,Random Forest,11074.65,10349.433134588917
6,2025-12-01,2025-12-24,23,Random Forest,14929.1,10537.12816251204
6,2025-12-01,2025-12-25,24,Random Forest,9200.45,8887.170172405618
6,2025-12-01,2025-12-26,25,Random Forest,11143.13,9990.85641302637
6,2025-12-01,2025-12-27,26,Random Forest,9413.88,9529.264839132557
6,2025-12-01,2025-12-28,27,Random Forest,8382.2,8581.885168672508
6,2025-12-01,2025-12-29,28,Random Forest,8802.01,9421.960261898676
6,2025-12-01,2025-12-30,29,Random Forest,9627.28,9846.988602549804
6,2025-12-01,2025-12-31,30,Random Forest,10957.85,9680.794158697227
6,2025-12-01,2025-12-02,1,LightGBM,9722.87,10468.256285573649
6,2025-12-01,2025-12-03,2,LightGBM,10133.81,10008.193460694634
6,2025-12-01,2025-12-04,3,LightGBM,11753.89,9305.460486206892
6,2025-12-01,2025-12-05,4,LightGBM,12925.61,11074.64575832912
6,2025-12-01,2025-12-06,5,LightGBM,11866.94,10475.552738781229
6,2025-12-01,2025-12-07,6,LightGBM,9917.81,9805.705892894423
6,2025-12-01,2025-12-08,7,LightGBM,11677.57,9553.391745897818
6,2025-12-01,2025-12-09,8,LightGBM,11100.05,9831.011081836949
6,2025-12-01,2025-12-10,9,LightGBM,10753.68,10050.606304779443
6,2025-12-01,2025-12-11,10,LightGBM,10690.67,10050.613521757383
6,2025-12-01,2025-12-12,11,LightGBM,11857.5,11282.076191857386
6,2025-12-01,2025-12-13,12,LightGBM,11842.49,10188.021477681721
6,2025-12-01,2025-12-14,13,LightGBM,9188.98,9693.171882996856
6,2025-12-01,2025-12-15,14,LightGBM,11130.43,9527.78071646203
6,2025-12-01,2025-12-16,15,LightGBM,10742.04,9671.305721425093
6,2025-12-01,2025-12-17,16,LightGBM,11346.08,10128.3411110093
6,2025-12-01,2025-12-18,17,LightGBM,11603.84,9739.678237592136
6,2025-12-01,2025-12-19,18,LightGBM,11616.85,11348.004119371064
6,2025-12-01,2025-12-20,19,LightGBM,13597.92,10943.675110114107
6,2025-12-01,2025-12-21,20,LightGBM,9384.04,10143.465135619112
6,2025-12-01,2025-12-22,21,LightGBM,10487.05,9879.30332795197
6,2025-12-01,2025-12-23,22,LightGBM,11074.65,9952.348906309317
6,2025-12-01,2025-12-24,23,LightGBM,14929.1,11508.70853187817
6,2025-12-01,2025-12-25,24,LightGBM,9200.45,8562.437830450614
6,2025-12-01,2025-12-26,25,LightGBM,11143.13,10724.144749326737
6,2025-12-01,2025-12-27,26,LightGBM,9413.88,9530.557277944072
6,2025-12-01,2025-12-28,27,LightGBM,8382.2,8720.13637885088
6,2025-12-01,2025-12-29,28,LightGBM,8802.01,8679.243072413625
6,2025-12-01,2025-12-30,29,LightGBM,9627.28,8995.30937159133
6,2025-12-01,2025-12-31,30,LightGBM,10957.85,9602.002375134916
6,2025-12-01,2025-12-02,1,"SARIMA(1,1,1)(1,1,1,7)",9722.87,10688.635349059754
6,2025-12-01,2025-12-03,2,"SARIMA(1,1,1)(1,1,1,7)",10133.81,11104.574379781692
6,2025-12-01,2025-12-04,3,"SARIMA(1,1,1)(1,1,1,7)",11753.89,10787.684003291703
6,2025-12-01,2025-12-05,4,"SARIMA(1,1,1)(1,1,1,7)",12925.61,11851.549754777254
6,2025-12-01,2025-12-06,5,"SARIMA(1,1,1)(1,1,1,7)",11866.94,11206.580261049496
6,2025-12-01,2025-12-07,6,"SARIMA(1,1,1)(1,1,1,7)",9917.81,10057.851265784533
6,2025-12-01,2025-12-08,7,"SARIMA(1,1,1)(1,1,1,7)",11677.57,10246.876979613815
6,2025-12-01,2025-12-09,8,"SARIMA(1,1,1)(1,1,1,7)",11100.05,10340.991680688814
6,2025-12-01,2025-12-10,9,"SARIMA(1,1,1)(1,1,1,7)",10753.68,10976.586939697534
6,2025-12-01,2025-12-11,10,"SARIMA(1,1,1)(1,1,1,7)",10690.67,10788.751198588938
6,2025-12-01,2025-12-12,11,"SARIMA(1,1,1)(1,1,1,7)",11857.5,11853.96561073247
6,2025-12-01,2025-12-13,12,"SARIMA(1,1,1)(1,1,1,7)",11842.49,11223.796414323644
6,2025-12-01,2025-12-14,13,"SARIMA(1,1,1)(1,1,1,7)",9188.98,10063.396457566863
6,2025-12-01,2025-12-15,14,"SARIMA(1,1,1)(1,1,1,7)",11130.43,10245.47303108561
6,2025-12-01,2025-12-16,15,"SARIMA(1,1,1)(1,1,1,7)",10742.04,10348.055897825185
6,2025-12-01,2025-12-17,16,"SARIMA(1,1,1)(1,1,1,7)",11346.08,10986.718114833777
6,2025-12-01,2025-12-18,17,"SARIMA(1,1,1)(1,1,1,7)",11603.84,10800.098084666386
6,2025-12-01,2025-12-19,18,"SARIMA(1,1,1)(1,1,1,7)",11616.85,11866.45632058122
6,2025-12-01,2025-12-20,19,"SARIMA(1,1,1)(1,1,1,7)",13597.92,11235.787384402474
6,2025-12-01,2025-12-21,20,"SARIMA(1,1,1)(1,1,1,7)",9384.04,10074.041937040965
6,2025-12-01,2025-12-22,21,"SARIMA(1,1,1)(1,1,1,7)",10487.05,10256.23535569146
6,2025-12-01,2025-12-23,22,"SARIMA(1,1,1)(1,1,1,7)",11074.65,10359.017558193624
6,2025-12-01,2025-12-24,23,"SARIMA(1,1,1)(1,1,1,7)",14929.1,10998.384669439702
6,2025-12-01,2025-12-25,24,"SARIMA(1,1,1)(1,1,1,7)",9200.45,10811.581479962213
6,2025-12-01,2025-12-26,25,"SARIMA(1,1,1)(1,1,1,7)",11143.13,11879.073693284388
6,2025-12-01,2025-12-27,26,"SARIMA(1,1,1)(1,1,1,7)",9413.88,11247.7360076085
6,2025-12-01,2025-12-28,27,"SARIMA(1,1,1)(1,1,1,7)",8382.2,10084.754078222037
6,2025-12-01,2025-12-29,28,"SARIMA(1,1,1)(1,1,1,7)",8802.01,10267.14039466557
6,2025-12-01,2025-12-30,29,"SARIMA(1,1,1)(1,1,1,7)",9627.28,10370.032858362842
6,2025-12-01,2025-12-31,30,"SARIMA(1,1,1)(1,1,1,7)",10957.85,11010.080083959636
1,2025-07-04,2025-07-05,1,Ensemble (mean),11588.98,11316.18179075091
1,2025-07-04,2025-07-06,2,Ensemble (mean),9329.2,9936.816956679717
1,2025-07-04,2025-07-07,3,Ensemble (mean),11193.75,10189.36440430514
1,2025-07-04,2025-07-08,4,Ensemble (mean),9196.87,10672.658799350878
1,2025-07-04,2025-07-09,5,Ensemble (mean),11000.55,11245.36657257867
1,2025-07-04,2025-07-10,6,Ensemble (mean),10582.93,11333.440046925127
1,2025-07-04,2025-07-11,7,Ensemble (mean),11505.54,12400.194078313192
1,2025-07-04,2025-07-12,8,Ensemble (mean),11871.68,11438.376885705322
1,2025-07-04,2025-07-13,9,Ensemble (mean),9010.95,9934.1444572016
1,2025-07-04,2025-07-14,10,Ensemble (mean),10746.36,10566.52469461131
1,2025-07-04,2025-07-15,11,Ensemble (mean),10750.3,10772.708407410873
1,2025-07-04,2025-07-16,12,Ensemble (mean),11337.84,11290.109816734055
1,2025-07-04,2025-07-17,13,Ensemble (mean),10619.7,11202.107626466865
1,2025-07-04,2025-07-18,14,Ensemble (mean),11286.32,12311.874947499471
1,2025-07-04,2025-07-19,15,Ensemble (mean),11847.01,11498.18585815872
1,2025-07-04,2025-07-20,16,Ensemble (mean),10207.22,10069.325098871926
1,2025-07-04,2025-07-21,17,Ensemble (mean),9060.3,10405.408674770813
1,2025-07-04,2025-07-22,18,Ensemble (mean),9947.25,11060.688174993826
1,2025-07-04,2025-07-23,19,Ensemble (mean),10600.2,11500.120219417076
1,2025-07-04,2025-07-24,20,Ensemble (mean),9908.24,11019.028874338428
1,2025-07-04,2025-07-25,21,Ensemble (mean),11363.56,12326.935264644424
1,2025-07-04,2025-07-26,22,Ensemble (mean),11136.79,11421.993219214033
1,2025-07-04,2025-07-27,23,Ensemble (mean),10633.49,10140.175572362818
1,2025-07-04,2025-07-28,24,Ensemble (mean),9286.05,10488.47980437886
1,2025-07-04,2025-07-29,25,Ensemble (mean),8762.95,10854.40228188649
1,2025-07-04,2025-07-30,26,Ensemble (mean),8546.89,11470.78526413042
1,2025-07-04,2025-07-31,27,Ensemble (mean),10206.46,10959.633190022001
1,2025-07-04,2025-08-01,28,Ensemble (mean),10402.66,12444.109226516759
1,2025-07-04,2025-08-02,29,Ensemble (mean),13917.1,11624.431431125466
1,2025-07-04,2025-08-03,30,Ensemble (mean),10588.41,9846.126061324932
2,2025-08-03,2025-08-04,1,Ensemble (mean),11542.75,10285.25118819159
2,2025-08-03,2025-08-05,2,Ensemble (mean),9762.75,10290.8176267275
2,2025-08-03,2025-08-06,3,Ensemble (mean),8286.79,10670.48027812005
2,2025-08-03,2025-08-07,4,Ensemble (mean),8908.01,10521.18734335566
2,2025-08-03,2025-08-08,5,Ensemble (mean),11361.45,11783.646601875756
2,2025-08-03,2025-08-09,6,Ensemble (mean),9197.09,11226.386378920763
2,2025-08-03,2025-08-10,7,Ensemble (mean),9352.83,9984.65219585191
2,2025-08-03,2025-08-11,8,Ensemble (mean),12803.09,10290.844383203414
2,2025-08-03,2025-08-12,9,Ensemble (mean),10951.96,10643.354666676272
2,2025-08-03,2025-08-13,10,Ensemble (mean),11165.08,10929.298200200441
2,2025-08-03,2025-08-14,11,Ensemble (mean),11124.53,11057.445634414871
2,2025-08-03,2025-08-15,12,Ensemble (mean),13762.77,11705.253263202669
2,2025-08-03,2025-08-16,13,Ensemble (mean),11963.43,11315.863260144026
2,2025-08-03,2025-08-17,14,Ensemble (mean),11036.62,10270.841437621415
2,2025-08-03,2025-08-18,15,Ensemble (mean),11763.58,10520.084430650248
2,2025-08-03,2025-08-19,16,Ensemble (mean),11712.19,10444.881369893812
2,2025-08-03,2025-08-20,17,Ensemble (mean),10240.94,10876.756995642301
2,2025-08-03,2025-08-21,18,Ensemble (mean),10955.44,10959.749111703606
2,2025-08-03,2025-08-22,19,Ensemble (mean),12020.1,11806.561272239904
2,2025-08-03,2025-08-23,20,Ensemble (mean),12108.07,11332.411609403951
2,2025-08-03,2025-08-24,21,Ensemble (mean),9653.05,10562.104433937948
2,2025-08-03,2025-08-25,22,Ensemble (mean),9778.45,10462.580674888291
2,2025-08-03,2025-08-26,23,Ensemble (mean),9848.49,10582.732849562937
2,2025-08-03,2025-08-27,24,Ensemble (mean),10807.61,11067.581237258675
2,2025-08-03,2025-08-28,25,Ensemble (mean),10851.63,10965.440169096217
2,2025-08-03,2025-08-29,26,Ensemble (mean),14239.02,11719.68110484256
2,2025-08-03,2025-08-30,27,Ensemble (mean),11316.26,11181.721395222316
2,2025-08-03,2025-08-31,28,Ensemble (mean),8023.3,10162.464019850617
2,2025-08-03,2025-09-01,29,Ensemble (mean),11209.46,10320.646489087509
2,2025-08-03,2025-09-02,30,Ensemble (mean),11389.59,10289.804414339182
3,2025-09-02,2025-09-03,1,Ensemble (mean),14338.28,10958.727231837052
3,2025-09-02,2025-09-04,2,Ensemble (mean),12176.88,10997.587665319268
3,2025-09-02,2025-09-05,3,Ensemble (mean),13958.18,11920.14364965265
3,2025-09-02,2025-09-06,4,Ensemble (mean),14159.24,11569.967776481522
3,2025-09-02,2025-09-07,5,Ensemble (mean),9658.99,10372.042747495309
3,2025-09-02,2025-09-08,6,Ensemble (mean),9598.61,10858.219098156367
3,2025-09-02,2025-09-09,7,Ensemble (mean),10736.37,10688.36806538268
3,2025-09-02,2025-09-10,8,Ensemble (mean),10412.99,10858.596341223036
3,2025-09-02,2025-09-11,9,Ensemble (mean),10439.82,10901.076763990539
3,2025-09-02,2025-09-12,10,Ensemble (mean),11635.26,11944.511587691508
3,2025-09-02,2025-09-13,11,Ensemble (mean),12206.9,11584.323583288884
3,2025-09-02,2025-09-14,12,Ensemble (mean),9198.09,10175.605235386245
3,2025-09-02,2025-09-15,13,Ensemble (mean),10293.74,10946.624759669516
3,2025-09-02,2025-09-16,14,Ensemble (mean),10484.47,10716.330103346549
3,2025-09-02,2025-09-17,15,Ensemble (mean),11551.16,11538.46847580765
3,2025-09-02,2025-09-18,16,Ensemble (mean),11534.16,10737.864180154165
3,2025-09-02,2025-09-19,17,Ensemble (mean),12785.94,12315.518252800559
3,2025-09-02,2025-09-20,18,Ensemble (mean),12725.09,11654.699851008254
3,2025-09-02,2025-09-21,19,Ensemble (mean),9394.81,10200.550230003008
3,2025-09-02,2025-09-22,20,Ensemble (mean),9497.42,10947.610894819654
3,2025-09-02,2025-09-23,21,Ensemble (mean),8177.92,10954.414338493612
3,2025-09-02,2025-09-24,22,Ensemble (mean),12311.62,11361.819769907694
3,2025-09-02,2025-09-25,23,Ensemble (mean),9553.009999999998,11473.954836605126
3,2025-09-02,2025-09-26,24,Ensemble (mean),12048.95,13101.773145230267
3,2025-09-02,2025-09-27,25,Ensemble (mean),11740.09,11573.048472777222
3,2025-09-02,2025-09-28,26,Ensemble (mean),9496.42,10315.96814113363
3,2025-09-02,2025-09-29,27,Ensemble (mean),9875.66,10829.298779204495
3,2025-09-02,2025-09-30,28,Ensemble (mean),10564.43,10476.170523315877
3,2025-09-02,2025-10-01,29,Ensemble (mean),10022.49,10204.31302557318
3,2025-09-02,2025-10-02,30,Ensemble (mean),11889.63,10344.271052745948
4,2025-10-02,2025-10-03,1,Ensemble (mean),13173.71,12427.261040388214
4,2025-10-02,2025-10-04,2,Ensemble (mean),10222.15,12109.601430351446
4,2025-10-02,2025-10-05,3,Ensemble (mean),9311.13,10442.280392433315
4,2025-10-02,2025-10-06,4,Ensemble (mean),10402.5,10679.065045534191
4,2025-10-02,2025-10-07,5,Ensemble (mean),10831.48,10448.71260897353
4,2025-10-02,2025-10-08,6,Ensemble (mean),10706.56,10952.913893371975
4,2025-10-02,2025-10-09,7,Ensemble (mean),8386.32,11008.681407951774
4,2025-10-02,2025-10-10,8,Ensemble (mean),10213.19,12360.383434487894
4,2025-10-02,2025-10-11,9,Ensemble (mean),11181.44,11571.511323783934
4,2025-10-02,2025-10-12,10,Ensemble (mean),9996.86,9678.633115037373
4,2025-10-02,2025-10-13,11,Ensemble (mean),11100.18,10447.381736111007
4,2025-10-02,2025-10-14,12,Ensemble (mean),10867.96,10451.360929317989
4,2025-10-02,2025-10-15,13,Ensemble (mean),11046.08,10977.642705595941
4,2025-10-02,2025-10-16,14,Ensemble (mean),9841.14,11078.192488953095
4,2025-10-02,2025-10-17,15,Ensemble (mean),10730.06,12409.1888656662
4,2025-10-02,2025-10-18,16,Ensemble (mean),12103.54,11729.740249251772
4,2025-10-02,2025-10-19,17,Ensemble (mean),8781.8,9745.211714210689
4,2025-10-02,2025-10-20,18,Ensemble (mean),9348.36,10293.154916458074
4,2025-10-02,2025-10-21,19,Ensemble (mean),9628.87,10300.793035630139
4,2025-10-02,2025-10-22,20,Ensemble (mean),10872.94,11086.468222345378
4,2025-10-02,2025-10-23,21,Ensemble (mean),11105.96,11349.684330774462
4,2025-10-02,2025-10-24,22,Ensemble (mean),12780.83,12345.642931715529
4,2025-10-02,2025-10-25,23,Ensemble (mean),10816.14,11686.077345284599
4,2025-10-02,2025-10-26,24,Ensemble (mean),9225.91,9810.08185447371
4,2025-10-02,2025-10-27,25,Ensemble (mean),9393.15,10454.517229525036
4,2025-10-02,2025-10-28,26,Ensemble (mean),9634.32,10514.434887102385
4,2025-10-02,2025-10-29,27,Ensemble (mean),12130.98,11194.17260793739
4,2025-10-02,2025-10-30,28,Ensemble (mean),11074.41,10825.05875900238
4,2025-10-02,2025-10-31,29,Ensemble (mean),14947.62,12209.101127158014
4,2025-10-02,2025-11-01,30,Ensemble (mean),11339.79,11591.92443333896
5,2025-11-01,2025-11-02,1,Ensemble (mean),10652.14,9596.799509080593
5,2025-11-01,2025-11-03,2,Ensemble (mean),11711.9,10131.278098180052
5,2025-11-01,2025-11-04,3,Ensemble (mean),10334.56,10376.93039508415
5,2025-11-01,2025-11-05,4,Ensemble (mean),9526.61,10985.404175670521
5,2025-11-01,2025-11-06,5,Ensemble (mean),8800.79,10774.638464970652
5,2025-11-01,2025-11-07,6,Ensemble (mean),13054.55,12027.78159676158
5,2025-11-01,2025-11-08,7,Ensemble (mean),11251.6,11592.82028969464
5,2025-11-01,2025-11-09,8,Ensemble (mean),9517.74,9714.178876179401
5,2025-11-01,2025-11-10,9,Ensemble (mean),9924.3,10181.263928928201
5,2025-11-01,2025-11-11,10,Ensemble (mean),10180.47,9978.95068907846
5,2025-11-01,2025-11-12,11,Ensemble (mean),9570.76,10834.660399307873
5,2025-11-01,2025-11-13,12,Ensemble (mean),11840.18,10566.312214505773
5,2025-11-01,2025-11-14,13,Ensemble (mean),16722.44,11928.542752252775
5,2025-11-01,2025-11-15,14,Ensemble (mean),12099.85,11445.725009070107
5,2025-11-01,2025-11-16,15,Ensemble (mean),9910.65,9516.236438654852
5,2025-11-01,2025-11-17,16,Ensemble (mean),10175.93,10226.459994471823
5,2025-11-01,2025-11-18,17,Ensemble (mean),9468.66,10358.773047904831
5,2025-11-01,2025-11-19,18,Ensemble (mean),10043.85,10573.831426069164
5,2025-11-01,2025-11-20,19,Ensemble (mean),10165.1,10583.455278650234
5,2025-11-01,2025-11-21,20,Ensemble (mean),13393.09,12033.994331781441
5,2025-11-01,2025-11-22,21,Ensemble (mean),11228.97,11319.640682643365
5,2025-11-01,2025-11-23,22,Ensemble (mean),10126.65,9551.124646108523
5,2025-11-01,2025-11-24,23,Ensemble (mean),9352.2,10099.613298780385
5,2025-11-01,2025-11-25,24,Ensemble (mean),9613.25,10274.366722636647
5,2025-11-01,2025-11-26,25,Ensemble (mean),12571.59,10771.365346925792
5,2025-11-01,2025-11-27,26,Ensemble (mean),8416.52,9964.301972406905
5,2025-11-01,2025-11-28,27,Ensemble (mean),11509.64,11542.458924896862
5,2025-11-01,2025-11-29,28,Ensemble (mean),10349.92,11280.441268693568
5,2025-11-01,2025-11-30,29,Ensemble (mean),10419.57,9702.684764378786
5,2025-11-01,2025-12-01,30,Ensemble (mean),11401.36,10496.792375195468
6,2025-12-01,2025-12-02,1,Ensemble (mean),9722.87,10408.945961544467
6,2025-12-01,2025-12-03,2,Ensemble (mean),10133.81,10640.479696825443
6,2025-12-01,2025-12-04,3,Ensemble (mean),11753.89,10015.648996499533
6,2025-12-01,2025-12-05,4,Ensemble (mean),12925.61,11948.374337702124
6,2025-12-01,2025-12-06,5,Ensemble (mean),11866.94,10992.846416610242
6,2025-12-01,2025-12-07,6,Ensemble (mean),9917.81,9897.490719559652
6,2025-12-01,2025-12-08,7,Ensemble (mean),11677.57,10033.730408503878
6,2025-12-01,2025-12-09,8,Ensemble (mean),11100.05,10080.64967084192
6,2025-12-01,2025-12-10,9,Ensemble (mean),10753.68,10611.954831492325
6,2025-12-01,2025-12-11,10,Ensemble (mean),10690.67,10264.389073448774
6,2025-12-01,2025-12-12,11,Ensemble (mean),11857.5,12018.323100863287
6,2025-12-01,2025-12-13,12,Ensemble (mean),11842.49,10902.741380668454
6,2025-12-01,2025-12-14,13,Ensemble (mean),9188.98,9861.827780187907
6,2025-12-01,2025-12-15,14,Ensemble (mean),11130.43,10024.725415849214
6,2025-12-01,2025-12-16,15,Ensemble (mean),10742.04,10029.769289750091
6,2025-12-01,2025-12-17,16,Ensemble (mean),11346.08,10641.243491947693
6,2025-12-01,2025-12-18,17,Ensemble (mean),11603.84,10164.526274086174
6,2025-12-01,2025-12-19,18,Ensemble (mean),11616.85,12044.462646650762
6,2025-12-01,2025-12-20,19,Ensemble (mean),13597.92,11158.622914838861
6,2025-12-01,2025-12-21,20,Ensemble (mean),9384.04,10015.474024220026
6,2025-12-01,2025-12-22,21,Ensemble (mean),10487.05,10145.487061214477
6,2025-12-01,2025-12-23,22,Ensemble (mean),11074.65,10127.104238167647
6,2025-12-01,2025-12-24,23,Ensemble (mean),14929.1,11105.254817105955
6,2025-12-01,2025-12-25,24,Ensemble (mean),9200.45,9775.940603470941
6,2025-12-01,2025-12-26,25,Ensemble (mean),11143.13,11840.715314203708
6,2025-12-01,2025-12-27,26,Ensemble (mean),9413.88,10691.566511850857
6,2025-12-01,2025-12-28,27,Ensemble (mean),8382.2,9544.601819024305
6,2025-12-01,2025-12-29,28,Ensemble (mean),8802.01,9749.101989026398
6,2025-12-01,2025-12-30,29,Ensemble (mean),9627.28,9811.762826651391
6,2025-12-01,2025-12-31,30,Ensemble (mean),10957.85,10473.584569698183
