effect,p_value,stopped_early,stop_day
6.551428571428232,0.9071194792633457,False,56
41.066071428571604,0.6085401259163882,False,56
-64.00392857142833,0.342627652289203,False,56
-40.10714285714289,0.7121566693481324,False,56
-174.85539393939348,0.030161761702486932,True,26
-88.17321428571404,0.18179305739100426,False,56
-494.4681249999999,0.04741674522997235,True,32
-0.10892857142857792,0.9987988019391059,False,56
-3.185357142856901,0.9633863855169629,False,56
-10.949642857142635,0.8659626489612076,False,56
245.5150000000001,0.03643216210519619,True,8
-45.74821428571431,0.7636914042559301,False,56
-257.9457142857143,0.09515751767405388,False,56
-19.613214285713866,0.8996323667966667,False,56
20.07142857142867,0.7573032831677193,False,56
-30.10607142857134,0.7125873841613217,False,56
11.696071428571486,0.8306391930933545,False,56
-37.323928571428496,0.6694102597530046,False,56
17.8496428571425,0.779514986668818,False,56
-298.6600000000003,0.028304177886072118,True,7
-92.0692857142858,0.2108453949993437,False,56
78.64607142857176,0.24503479656694283,False,56
-88.7439285714288,0.5586058421070501,False,56
246.90399999999977,0.030587356379823804,True,9
-8.29071428571433,0.9108622027154553,False,56
-44.17142857142926,0.5249264352280579,False,56
4.307142857142708,0.9536200395421818,False,56
38.29142857142847,0.5074750125374341,False,56
8.45928571428567,0.8976291973743661,False,56
-59.739642857142144,0.2826642812569189,False,56
39.73178571428548,0.5272849775556284,False,56
-67.1457142857139,0.3311210824195672,False,56
240.63625000000002,0.04668162552893796,True,49
-207.20444444444433,0.03780172305217966,True,20
-91.94678571428608,0.20063086839699415,False,56
16.70642857142866,0.8227332618154815,False,56
8.926428571428687,0.8995965885054658,False,56
70.38714285714263,0.4631783445007655,False,56
14.842857142856928,0.853334419668646,False,56
71.99464285714294,0.3817414782512355,False,56
-163.86391812865486,0.03872220179841689,True,37
-16.635000000000673,0.7260035201974904,False,56
-50.02107142857108,0.496672011922723,False,56
7.30571428571443,0.9062247265926691,False,56
100.35821428571512,0.15640619611465104,False,56
-54.05035714285668,0.4669593207105207,False,56
-34.743928571428114,0.5467395793494437,False,56
-29.7800000000002,0.5947634714989473,False,56
-33.71928571428589,0.6109481810142086,False,56
45.048571428570995,0.44324297131592294,False,56
-152.39625000000024,0.04025774312923312,True,28
-31.59464285714307,0.5395963892552893,False,56
17.877500000000282,0.8113788603532293,False,56
-49.668214285714384,0.4849143701157115,False,56
-43.4457142857143,0.4439693826979572,False,56
-27.09035714285733,0.6598297443868568,False,56
227.8125,0.03523365474318937,True,8
-2.1678571428567466,0.9818387093353362,False,56
-28.342500000000427,0.7045607940685308,False,56
111.54611111111149,0.03215812461512973,True,30
202.00857142857126,0.18623628123833239,False,56
180.40656410256406,0.044553281099915104,True,28
298.5864423076928,0.04644141205762987,True,29
-24.393214285714294,0.608719007033749,False,56
1.9303571428570194,0.9730811613590613,False,56
121.32214285714258,0.06835439620828145,False,56
-73.80250000000046,0.2881263470367205,False,56
-1.5274999999999181,0.9823011908401514,False,56
-314.5588095238088,0.03880161983133471,True,13
-43.988928571428914,0.5575678033552385,False,56
245.58888888888873,0.03315570340104587,True,16
-193.39592941176488,0.04523743118042588,True,42
93.00464285714315,0.12612289714372354,False,56
-44.28392857142876,0.4386021762665566,False,56
73.84357142857152,0.4624383943414279,False,56
28.138571428571368,0.8539120238721097,False,56
509.71386363636384,0.04327063265881986,True,15
-223.41392857142887,0.1474959327812648,False,56
52.86750000000029,0.48768255945013517,False,56
-105.51964285714303,0.08334579556892167,False,56
73.19107142857092,0.33057670209539425,False,56
-215.91713043478262,0.04860048220272215,True,48
67.03999999999996,0.29823149000506655,False,56
9.325000000000273,0.8822577750208881,False,56
41.77999999999952,0.4241737411240961,False,56
-112.26892857142843,0.24889675610403578,False,56
19.809999999999945,0.7781726492117238,False,56
27.101428571428414,0.7098003015129281,False,56
49.88892857142855,0.7470050505704439,False,56
-1.4924999999998363,0.9761639764779662,False,56
16.2303571428572,0.7597783127386515,False,56
-4.209642857142853,0.9541395817501648,False,56
-69.22678571428537,0.3019310315307718,False,56
-28.418571428571113,0.6565222021756654,False,56
-25.565357142857238,0.7312463256144807,False,56
49.32571428571464,0.38356740899784314,False,56
-211.67329670329673,0.032872643581065134,True,27
-122.96392857142928,0.09492875592179188,False,56
177.75981818181822,0.04374317538700522,True,16
73.27249999999935,0.6349710233321473,False,56
288.79539682539644,0.04761882518677425,True,16
55.00107142857132,0.5780425724120434,False,56
-122.51964285714257,0.11743018687191802,False,56
68.6242857142854,0.20270261814418888,False,56
-25.926785714285415,0.588936468338834,False,56
-148.377303703704,0.04543909980578495,True,52
9.718214285714112,0.8774055917317342,False,56
269.91499999999974,0.02640630684139027,True,9
-40.79000000000019,0.5727009579253501,False,56
501.1924999999999,0.03700159894806301,True,8
35.682857142857074,0.5851712675480705,False,56
-29.578928571428378,0.618968974193697,False,56
-227.27660714285753,0.04006694825382726,True,30
164.04583333333335,0.04039033630940006,True,46
-7.79071428571433,0.8926401130280717,False,56
-334.7266666666669,0.037047708448371804,True,10
-96.11750000000029,0.24655000460256704,False,56
117.91392857142841,0.08527063456141465,False,56
79.23892857142846,0.6056586781244289,False,56
-27.148214285714403,0.7077083571788961,False,56
216.52821428571383,0.15707424175423942,False,56
33.98678571428559,0.6143080822880211,False,56
3.0632142857145936,0.9602269574534537,False,56
-83.24571428571426,0.4320423246198345,False,56
-62.215357142857556,0.6819922263455495,False,56
-69.41035714285681,0.16006216215228897,False,56
20.24142857142874,0.6717607715272865,False,56
74.98178571428593,0.2856342168515702,False,56
10.353571428571286,0.8670649799401164,False,56
60.100714285714275,0.37990439944648996,False,56
54.387500000000045,0.6201102701881392,False,56
-99.54035714285737,0.15462815594539303,False,56
-38.47499999999991,0.4893813481977081,False,56
-27.20964285714308,0.7005441916234821,False,56
16.225000000000364,0.8146867519790517,False,56
67.42821428571415,0.33464117964467077,False,56
-11.447499999999309,0.8648809255871466,False,56
58.26999999999998,0.35148576977434776,False,56
18.235714285714266,0.8688026864989096,False,56
-107.81571428571465,0.11472050050940719,False,56
42.61392857142869,0.5020335692074184,False,56
302.4890909090909,0.035313364466230394,True,23
-30.690000000000282,0.5198361777430502,False,56
-193.16285714285732,0.04338324220778363,True,12
41.36821428571352,0.5712494257828028,False,56
67.13892857142878,0.35820226835948094,False,56
-3.049642857142544,0.9542024034775143,False,56
18.978571428571513,0.7560596949725602,False,56
-188.04008928571443,0.03967469835617199,True,30
-553.7124999999999,0.02107160808428675,True,8
157.88277777777785,0.04888523779731297,True,37
-390.8937500000002,0.04204396993994941,True,12
251.44523809523844,0.04966453410674528,True,16
-5.461785714285497,0.9184963958987441,False,56
-73.44964285714286,0.2375309097247071,False,56
209.05214285714283,0.04902737682244885,True,9
-230.85500000000002,0.032066365954953296,True,12
35.953571428571195,0.5796494286272935,False,56
-266.7658333333334,0.03622189527336734,True,10
51.760714285713675,0.538946028406043,False,56
28.938571428571322,0.6951839518993412,False,56
-28.08785714285682,0.5707461008827935,False,56
-681.0,0.04669586946030237,True,7
-7.027499999999691,0.9099066620991763,False,56
-319.222,0.03992549169975746,True,10
-186.71833333333325,0.03597413704605912,True,8
82.44607142857103,0.2662933476666543,False,56
176.01047846889992,0.04633536035601995,True,41
157.7696428571419,0.3099225006945536,False,56
57.114999999999554,0.3283630067222106,False,56
-178.7562499999999,0.045900062260076674,True,44
135.3760714285711,0.3751274704583231,False,56
42.10571428571416,0.5059660564573332,False,56
-13.689285714285461,0.8022928666433737,False,56
-33.4328571428573,0.5962085294486668,False,56
-49.81107142857127,0.5402955606916525,False,56
-26.22892857142847,0.6156553365044858,False,56
217.49111111111097,0.019689868635752752,True,12
-378.87833333333333,0.011687944731733305,True,7
110.20071428571441,0.16471057828603336,False,56
-113.9914761904763,0.04438683958481124,True,29
-182.84815934065978,0.03679603230100634,True,54
-374.9766666666669,0.004847830880489397,True,7
-409.52499999999986,0.002375093845257725,True,8
-23.529285714285834,0.7231957690975812,False,56
363.41499999999974,0.02399956638685526,True,8
11.711071428571586,0.8475651480272383,False,56
-9.901071428571186,0.840181667143955,False,56
200.36769230769255,0.042754519390372794,True,26
-36.904285714285606,0.5943169922837621,False,56
123.34785714285681,0.08055818688066667,False,56
-41.77500000000009,0.5515835614037021,False,56
-22.430714285713975,0.7368396640316798,False,56
-205.7871076923077,0.04187216445621432,True,51
-75.25857142857149,0.3977066367665339,False,56
140.75,0.03962584992956588,True,38
-10.013571428571368,0.8820403205969278,False,56
-38.38714285714241,0.49855015736172875,False,56
-30.958214285714348,0.6178133274069599,False,56
-63.54321428571393,0.4754144625333486,False,56
165.4454999999998,0.04995283156277955,True,40
-22.07857142857165,0.6867120320467308,False,56
-249.89714285714263,0.1022081902775595,False,56
-175.13794871794903,0.0480248894555162,True,28
-3.5482142857144936,0.9602062227216316,False,56
45.73642857142863,0.5029819128824071,False,56
53.67035714285771,0.42828658627790234,False,56
44.91071428571422,0.4953039844223558,False,56
38.261071428571086,0.5818969311911426,False,56
58.82999999999993,0.5757704760384735,False,56
344.49499999999966,0.032206003403999185,True,9
317.9391666666668,0.04057407039052378,True,7
-56.68071428571443,0.3738373696254036,False,56
-0.24749999999971806,0.997862612311004,False,56
-364.47333333333336,0.04144715025742996,True,9
34.835000000000264,0.6130741240478259,False,56
249.61606060606096,0.0223613633841289,True,17
24.265714285714694,0.8751301455297615,False,56
36.13071428571425,0.652378229950457,False,56
85.32392857142872,0.29380474622564096,False,56
45.87964285714338,0.3488199145418364,False,56
229.27700000000004,0.04589686420855958,True,7
-87.50035714285696,0.11201169221189643,False,56
79.92214285714249,0.19646295171714695,False,56
39.88964285714269,0.5816924320641313,False,56
13.786428571428587,0.8521950517620434,False,56
57.01821428571384,0.31395917329269896,False,56
57.67285714285731,0.2983427675900953,False,56
-66.73535714285708,0.21387829298011973,False,56
-105.34678571428549,0.15418687842916134,False,56
383.6262499999998,0.008298959240268607,True,10
-65.05535714285725,0.32677365920477613,False,56
-39.83642857142877,0.5172673157797316,False,56
605.2666666666664,0.039922283488654904,True,14
3.437142857142817,0.9746042977509751,False,56
-36.177857142856965,0.8145636949525065,False,56
362.7460714285712,0.022059472993562694,True,11
-39.823214285714585,0.79471587080858,False,56
496.521944444444,0.03882942038470848,True,21
168.3311666666666,0.031778619849157315,True,35
305.4090000000001,0.0024232439578138593,True,7
-244.4124999999999,0.04675311211523805,True,17
85.57250000000045,0.31405731099428225,False,56
-393.5733333333335,0.020156077462162487,True,8
-33.334642857142626,0.628384139148474,False,56
73.80250000000001,0.2888753160184903,False,56
139.63357142857149,0.04434573065779923,True,56
88.63999999999965,0.2758433692114094,False,56
254.69266666666658,0.03528552363244851,True,8
181.37975490196095,0.03616389741794003,True,29
222.64328571428587,0.04612619329608435,True,17
71.76285714285746,0.5161170768248294,False,56
-291.9483333333337,0.02275933635714115,True,8
-53.372142857142535,0.34547078747238247,False,56
-21.461428571428996,0.7725945402159343,False,56
-3.661785714285543,0.9573515452836155,False,56
-102.69357142857166,0.16598286771343074,False,56
-53.344642857143526,0.45388822291799347,False,56
102.91642857142779,0.06438007369096649,False,56
-3.984642857142944,0.9793973866325987,False,56
67.84607142857112,0.3638264686202414,False,56
268.35333333333347,0.04837957704720269,True,12
-200.94624999999996,0.03687094817811433,True,12
-24.18571428571431,0.6999273909574448,False,56
254.923939393939,0.0499035935689094,True,17
47.24678571428558,0.5196688713437072,False,56
20.777142857142962,0.8118187261233863,False,56
22.505714285714248,0.7546797351570744,False,56
100.35500000000047,0.15901258614780467,False,56
-48.14857142857113,0.510118304992596,False,56
9.811785714285179,0.8820971344673937,False,56
-59.967857142857156,0.3725254802367475,False,56
79.69035714285724,0.14773345367853613,False,56
-6.7764285714288235,0.9310514920050714,False,56
121.9839285714288,0.0801115000224824,False,56
-3.7903571428569194,0.9414307775521011,False,56
88.92964285714311,0.09790236926939051,False,56
-14.210714285714403,0.7919007829707153,False,56
-49.047857142856856,0.310411605623948,False,56
30.057857142856847,0.6281597640991847,False,56
23.03214285714307,0.7371295534104987,False,56
-321.5747692307689,0.018742382058626033,True,18
285.4818181818184,0.042024848022661244,True,23
-23.080714285714066,0.7209215797414108,False,56
18.36678571428547,0.7963482025123694,False,56
21.50464285714338,0.65979163700315,False,56
-246.73749999999995,0.03380506356302406,True,8
-0.08857142857164035,0.9987580825350342,False,56
37.96357142857141,0.559519272511141,False,56
-69.52214285714263,0.3595275736141398,False,56
-87.57107142857171,0.302559669004848,False,56
-243.8074999999999,0.048467993515734456,True,9
-129.73893846153805,0.04845980957382038,True,51
-52.860714285714266,0.7296829561912468,False,56
165.27133986928084,0.044343608997566265,True,35
84.47928571428588,0.2799128537710909,False,56
-139.89571428571435,0.3653025616462746,False,56
-57.42535714285691,0.4312132745248397,False,56
-42.36678571428615,0.3110938338007778,False,56
-16.937142857142362,0.8061461307640791,False,56
-2.18892857142896,0.9728657275590114,False,56
78.65714285714353,0.3651253720095601,False,56
-476.91899999999987,0.016129341844668806,True,7
-18.778928571428423,0.7663849963810262,False,56
-334.77666666666664,0.04581658384784986,True,10
-288.92119047619076,0.02255004541673572,True,13
34.78607142857186,0.5514196059598306,False,56
13.109642857142944,0.8478370590034944,False,56
69.87035714285707,0.4266103639940264,False,56
-224.62374999999975,0.03149469161126823,True,11
-292.9152380952378,0.04247835569728021,True,10
74.44785714285717,0.35894853349946987,False,56
-124.10107142857078,0.07127503322623097,False,56
72.87785714285701,0.32925430862845156,False,56
-511.00824999999986,0.03671693863777893,True,18
-77.79464285714266,0.3246601459332716,False,56
8.441428571428332,0.9059024619974149,False,56
-20.932500000000346,0.7507455462388035,False,56
-66.9217857142853,0.30678947542799573,False,56
13.57642857142855,0.8469252722100712,False,56
-287.6675,0.04057338472155367,True,8
-151.91640522875832,0.046498556799748895,True,35
6.384285714285852,0.9130662736710968,False,56
63.91107142857163,0.3897577937895503,False,56
-39.717142857142335,0.5516007464767135,False,56
64.13607142857154,0.4205136239693861,False,56
-116.7939285714283,0.09580685280969256,False,56
48.905714285714566,0.4275790945901823,False,56
-143.57602941176447,0.04724153480740129,True,37
-31.645357142856938,0.5798704230358325,False,56
52.01749999999993,0.41593913781678893,False,56
38.37392857142845,0.5861854038559253,False,56
-117.84928571428509,0.10217223725385491,False,56
-2.1917857142855155,0.9638482324961137,False,56
62.30250000000024,0.20728013621079763,False,56
70.35678571428593,0.21854620106323305,False,56
-360.4377777777777,0.01704828482851893,True,12
-145.9782142857141,0.36604759032323875,False,56
-51.46321428571491,0.4721688534934996,False,56
-41.21464285714228,0.5479527342559449,False,56
83.79571428571421,0.22879936339049947,False,56
177.71104166666692,0.04368417532706618,True,28
-148.89714285714285,0.16569301311364606,False,56
16.854285714285425,0.7877948138160986,False,56
359.56428571428546,0.047684519467600904,True,22
30.45571428571475,0.7078230391156263,False,56
398.2358888888891,0.04656865194438709,True,19
-68.43285714285753,0.35502894773084903,False,56
54.35428571428565,0.4495128540257215,False,56
34.0775000000001,0.6424078036126154,False,56
68.92107142857162,0.2656994436614445,False,56
-3.2000000000000455,0.9663423056761524,False,56
60.913928571428414,0.28245835163959976,False,56
-13.090714285714512,0.8513322460751607,False,56
-337.27673076923065,0.03960960715746435,True,50
-75.05535714285747,0.3026478833649284,False,56
58.154999999999745,0.37255275430881263,False,56
29.139285714285734,0.5804574406738832,False,56
-63.61428571428564,0.3346345934901315,False,56
74.43785714285673,0.16753798826860597,False,56
82.04928571428582,0.22816010506437595,False,56
-475.52,0.04223966028562453,True,7
-154.4679566563466,0.04466572282430979,True,36
-336.88049999999976,0.038181965035213185,True,9
-124.3090384615382,0.04887647706885283,True,54
-56.49499999999989,0.49835919565879955,False,56
81.38214285714253,0.24947449632339663,False,56
31.938928571428505,0.641189922340092,False,56
101.39821428571418,0.5088443965944361,False,56
-137.84797619047663,0.03900184254504552,True,52
-440.9469999999999,0.03714400693913348,True,7
421.78999999999996,0.025551209678212707,True,8
-14.846428571428532,0.8080121088765092,False,56
129.3724175824177,0.041891204463898456,True,54
-58.27071428571389,0.34544571064740576,False,56
-37.91249999999968,0.5724894727091617,False,56
30.11357142857173,0.7834662687504491,False,56
224.8417482517482,0.04074128612292627,True,24
-50.45821428571435,0.41562775450595835,False,56
-11.778214285714512,0.8331240742933045,False,56
-179.16624999999976,0.04806804463966878,True,26
47.485714285714266,0.44694806433360995,False,56
21.019285714285843,0.6595546438624166,False,56
163.88999999999987,0.03788846101274734,True,12
35.490357142856965,0.6340708293374079,False,56
-55.11928571428575,0.31981520745638303,False,56
-39.50714285714298,0.5296061700895122,False,56
196.68118881118812,0.029608053810904044,True,24
-102.0971428571429,0.2852569342115321,False,56
22.72750000000019,0.888412785747582,False,56
9.545714285713984,0.8703073334584644,False,56
325.6666666666663,0.010225951802357148,True,9
-267.2633333333333,0.04280201140632403,True,12
10.61821428571443,0.8414604108981483,False,56
-11.484285714285988,0.8581612229068133,False,56
-325.1818181818178,0.0431709242014998,True,16
-259.5166666666664,0.04223447431431722,True,21
-10.144642857143026,0.8815428625123746,False,56
8.40928571428617,0.9072692447851879,False,56
48.35107142857191,0.403902553825681,False,56
29.72750000000019,0.6516687658310135,False,56
-35.342857142857156,0.5344532399900774,False,56
27.760357142857174,0.5736565776766049,False,56
-36.07285714285763,0.8167942892649899,False,56
-29.53285714285721,0.6041943550164748,False,56
71.04357142857134,0.2990170421290949,False,56
71.28178571428589,0.2896481270947356,False,56
-566.5569047619049,0.023652993593883002,True,13
-32.26785714285688,0.5987917648966168,False,56
-101.13392857142867,0.1021682638726563,False,56
-2.1435714285712493,0.9825015022596976,False,56
42.81571428571442,0.533980376405154,False,56
-11.558928571428623,0.8719435511286523,False,56
-23.460714285714175,0.6290033272741705,False,56
-46.152857142856874,0.41469205106539186,False,56
-4.612857142857138,0.9428791971454036,False,56
155.83892857142882,0.15207314539714448,False,56
-12.23821428571432,0.8790361438218195,False,56
-172.63249999999994,0.2594984578397663,False,56
-136.75750000000016,0.07228926672316455,False,56
334.7149999999999,0.032398116499473564,True,9
310.51076923076926,0.03667406618324211,True,26
-50.002500000000055,0.4918969898950921,False,56
18.794999999999618,0.7921067830506584,False,56
121.34124999999995,0.040758170691738246,True,16
-6.469642857142844,0.9035137588627936,False,56
-32.368214285713975,0.611141337313197,False,56
-56.41750000000047,0.5632960688050668,False,56
-12.931785714285297,0.8572338318453102,False,56
15.781428571428933,0.7992968535041669,False,56
-69.70357142857142,0.3884885514762626,False,56
-101.24214285714311,0.13727483227402695,False,56
-0.22749999999996362,0.9971589309273068,False,56
166.29616666666652,0.04323852292705222,True,27
-288.5957142857146,0.04270274093271459,True,15
-24.100000000000364,0.6961111162353544,False,56
68.6582142857144,0.2748259636873838,False,56
-73.6807142857142,0.6295573661700204,False,56
-129.81083333333345,0.04325770058580947,True,10
9.897857142856992,0.881194145754801,False,56
8.344642857142844,0.9028653244539065,False,56
-46.86857142857161,0.49682048386452565,False,56
-47.2892857142856,0.4996013821518779,False,56
-171.09964285714273,0.11134620250899263,False,56
-21.889285714285734,0.796892537560416,False,56
-48.29607142857117,0.3978723952410797,False,56
-258.15624999999955,0.04589494384819737,True,12
-296.39999999999986,0.04280753672630127,True,10
-228.6360769230771,0.0440111564406583,True,23
130.98607142857145,0.3998360629363673,False,56
23.088571428572095,0.7290219443335392,False,56
-33.87285714285758,0.558984471294411,False,56
-50.952500000000555,0.3717374678407555,False,56
-237.39892857142854,0.12233341593083694,False,56
-39.038214285714275,0.7980316132117413,False,56
-232.67137500000035,0.045173710315249326,True,26
7.783214285714166,0.9117309448068457,False,56
66.06464285714264,0.2736735412483496,False,56
-28.29928571428559,0.7682303227406398,False,56
195.90036363636386,0.04893107634836831,True,42
51.818928571428614,0.376932681484621,False,56
-180.6926785714286,0.04633142350193956,True,15
125.72285714285749,0.1332854879103435,False,56
16.259642857142353,0.8803802741340684,False,56
154.00966666666682,0.027932222672587912,True,11
89.55071428571455,0.4140667046160906,False,56
14.291785714285425,0.8468277223310187,False,56
-32.52642857142905,0.6458622509272449,False,56
81.64857142857136,0.3268688828614654,False,56
-72.74428571428643,0.3209938380606688,False,56
19.168928571428296,0.7781619144895128,False,56
28.852857142857147,0.6812157263185825,False,56
171.63285714285735,0.2683586677889131,False,56
-74.48892857142823,0.24907081284319663,False,56
-24.741428571428514,0.7813366027616812,False,56
-14.737857142857138,0.8016041851682745,False,56
-200.22361538461564,0.044407235033804955,True,23
44.396785714285215,0.5477897629297501,False,56
76.96392857142882,0.6269223460511741,False,56
60.39142857142906,0.30869413975831705,False,56
26.064285714285234,0.7175045798993698,False,56
33.07892857142815,0.658387765848195,False,56
45.659999999999854,0.3104585564500952,False,56
35.278214285714284,0.6261319180319155,False,56
69.88750000000027,0.21068880201570583,False,56
-46.041428571428014,0.4962184556383012,False,56
-16.918214285714157,0.8171056956791802,False,56
-72.85250000000042,0.31472522468866326,False,56
447.60249999999996,0.00240821600422985,True,7
-14.554642857143335,0.8456259164269397,False,56
332.7960000000003,0.04516269698863047,True,7
-31.46178571428527,0.7017721413602412,False,56
-98.88321428571476,0.26800303962936683,False,56
35.88285714285712,0.6220847272110507,False,56
-151.66321428571428,0.09573892481264654,False,56
-56.60964285714249,0.437869261362728,False,56
-29.32392857142895,0.6595893936238294,False,56
-481.96000000000004,0.049565925630856815,True,9
-347.18299999999954,0.027641201220907883,True,7
57.05964285714299,0.4339036241482278,False,56
-13.899642857142908,0.8010880292596005,False,56
58.546785714286216,0.5256868553046984,False,56
59.443571428571204,0.42740513492145,False,56
21.222499999999854,0.6845311498256668,False,56
7.059285714285579,0.9289655605189986,False,56
-11.306785714285525,0.8553523575996393,False,56
-8.167500000000246,0.9166168680208076,False,56
-231.6591666666668,0.03118296528380085,True,17
-70.34535714285767,0.517829722945392,False,56
198.8517666666669,0.04926836714000401,True,49
-171.27307692307704,0.03857433137612091,True,29
4.65785714285721,0.9479879683505289,False,56
-52.862857142856456,0.600673920140264,False,56
72.01214285714286,0.24138703873958534,False,56
63.090714285714284,0.22572031551663596,False,56
26.52821428571383,0.6846434947372284,False,56
-241.20211111111098,0.04833782091482489,True,19
-41.67321428571404,0.4371708709289851,False,56
113.8267857142855,0.456421309223811,False,56
-279.3929999999998,0.028072167002098816,True,9
-13.000714285714594,0.8510201292657129,False,56
5.808928571428396,0.9355175116225831,False,56
-161.80333333333328,0.04456064268169629,True,51
56.8924999999997,0.4261683456530097,False,56
29.172142857142944,0.6130106665038435,False,56
-256.21199999999953,0.042116530586768806,True,7
81.22821428571365,0.13710746963131015,False,56
61.42071428571421,0.4075755777650381,False,56
-217.9798809523811,0.035086921377968115,True,26
101.31142857142868,0.0970682534892452,False,56
-3.4978571428571286,0.949960154064829,False,56
-53.08892857142882,0.6239020983292429,False,56
-183.96980519480553,0.048194162978435574,True,25
54.012857142856774,0.4682491890135243,False,56
-1.1392857142861885,0.9880196117848465,False,56
76.99500000000012,0.21671982258962383,False,56
59.86714285714288,0.4441684235666235,False,56
-19.356071428571795,0.7634817974692418,False,56
54.00321428571442,0.3426662412572166,False,56
-30.07571428571464,0.6394172056169836,False,56
-167.61833333333334,0.04879608072305872,True,25
54.827857142857056,0.42873992037773956,False,56
15.395714285714348,0.838325296261798,False,56
25.36607142857133,0.6794368284067177,False,56
-151.8846428571428,0.3305223591423269,False,56
-93.01107142857131,0.16733699769467722,False,56
99.61142857142886,0.13592037628435036,False,56
-19.191785714285288,0.7686278591656504,False,56
23.627499999999827,0.7268955118851959,False,56
140.31490909090917,0.04497198029607772,True,26
28.88107142857166,0.6889818338500532,False,56
372.4599999999996,0.04642029377886382,True,8
-46.54678571428576,0.4600974917338967,False,56
350.9516666666668,0.028216337492749058,True,15
-15.402857142857329,0.8104521270449134,False,56
262.9862499999999,0.04101402438045373,True,16
-39.69178571428597,0.799927589305583,False,56
-180.126708074534,0.03068043795121601,True,37
-29.75571428571402,0.6919363297064485,False,56
-82.32214285714235,0.09278613296077783,False,56
84.19535714285644,0.26100293371975425,False,56
56.509642857143035,0.7126903804709875,False,56
126.5300000000002,0.03457541717061766,True,8
-49.08928571428578,0.3687590103546153,False,56
-159.4696428571424,0.29848326166781036,False,56
-40.389642857143144,0.4823026715581518,False,56
-5.356428571428296,0.9221654154551107,False,56
16.45392857142906,0.8181336936123232,False,56
-320.7813333333331,0.04898104180231622,True,8
-273.376,0.04747507413338158,True,11
19.575357142856774,0.7740085614919432,False,56
9.671428571428578,0.87096231566545,False,56
131.13535714285717,0.14290040723703348,False,56
-108.65576923076947,0.03586557942549387,True,52
22.64214285714297,0.7504997261855656,False,56
-84.526785714286,0.21209756089468126,False,56
120.39607142857153,0.44460710966522177,False,56
62.45821428571412,0.38626373715600804,False,56
87.0660714285716,0.19971458734165254,False,56
-51.358571428571395,0.39917688455681327,False,56
32.00285714285701,0.7691171305097634,False,56
-329.71699999999987,0.042336003281934015,True,7
-11.244642857142708,0.8860679751671074,False,56
-243.16888888888866,0.038079837179431295,True,18
359.6119999999996,0.03460024704625146,True,10
-77.81964285714253,0.6339389844176222,False,56
-42.49642857142862,0.5240950800587811,False,56
-40.11071428571381,0.5589585998718319,False,56
37.49428571428575,0.6629398823519506,False,56
276.3974999999998,0.038911589569105134,True,9
35.89214285714297,0.6092229653261824,False,56
69.00500000000011,0.19413403627850395,False,56
-7.113571428571504,0.9422298894517656,False,56
-11.074999999999136,0.832705538222673,False,56
-2.078928571428605,0.9758184488885796,False,56
-4.878928571428332,0.9436441729964777,False,56
318.91949999999997,0.036764030619209444,True,9
331.7486666666671,0.025217599987985905,True,8
173.79672727272714,0.046527409958249145,True,26
137.96341304347834,0.03984234152687362,True,43
74.94178571428597,0.2651436924352378,False,56
-40.10249999999951,0.4741344028886385,False,56
20.262142857142635,0.7050403310481835,False,56
53.404285714285834,0.324541304931429,False,56
-179.4775000000002,0.04193250730075368,True,20
19.055000000000064,0.7562229358550109,False,56
-13.402500000000146,0.8053793434161741,False,56
341.6252833333333,0.04494045978912561,True,49
-20.7153571428571,0.8944329561603456,False,56
-99.8357142857144,0.14089854490717563,False,56
68.37857142857138,0.3222753588600861,False,56
-9.200357142857229,0.8860727735791671,False,56
8.006785714285343,0.9114084067211139,False,56
408.2600000000002,0.0399657556357142,True,7
10.046785714286216,0.9201342715643301,False,56
-363.3624999999997,0.009790307266086502,True,7
-142.6961904761904,0.048640385671098095,True,34
-7.488928571428232,0.9199292307988066,False,56
43.80571428571443,0.6098915002699485,False,56
-27.30178571428587,0.643190110098837,False,56
344.345,0.03702531758435746,True,8
-3.9671428571432443,0.955583238127764,False,56
68.86964285714294,0.3043589077624964,False,56
222.07409090909073,0.03818401932383591,True,15
22.691428571428332,0.723738078967943,False,56
235.49199999999996,0.03765433941899248,True,15
-298.17799999999966,0.023239304631581418,True,10
289.8941666666667,0.027955523652237094,True,16
-2.997500000000173,0.9562940402937052,False,56
335.2894545454544,0.03867383350629613,True,26
96.03071428571434,0.09914535120818753,False,56
-38.24678571428558,0.6369487568989667,False,56
6.320357142857347,0.9201592926192252,False,56
-22.22857142857106,0.7360786129792619,False,56
90.95428571428533,0.2988577314811743,False,56
-24.830714285714066,0.7405663832474146,False,56
20.45750000000021,0.7150128501137778,False,56
-56.487142857142544,0.5651979131930758,False,56
47.61071428571336,0.47269752660112363,False,56
-29.014999999999645,0.6463169934639216,False,56
74.10785714285703,0.2456870663128374,False,56
12.733571428571395,0.9350866296379787,False,56
202.13857142857137,0.10926878583485147,False,56
-45.701071428571595,0.4882679150434992,False,56
21.11642857142874,0.8258866291180645,False,56
28.49678571428558,0.6564562334468566,False,56
194.10108695652184,0.045552880450850625,True,43
2.049642857142544,0.9810387438705341,False,56
-11.869642857142935,0.855889842175545,False,56
76.13500000000022,0.6247382201044314,False,56
-173.99142857142897,0.2548892341984735,False,56
-45.08035714285688,0.5181164362153371,False,56
-301.5494444444446,0.03737223998631364,True,15
4.502500000000282,0.9410115603890638,False,56
28.235000000000127,0.7011910208138878,False,56
-320.4169999999999,0.04902838458165837,True,9
6.655714285714112,0.9172612221793502,False,56
-341.4516666666666,0.031130780225695456,True,7
14.729285714286107,0.8248226303630694,False,56
54.87142857142817,0.3552112420469185,False,56
-302.6517777777781,0.02769544622281726,True,14
-198.5239999999999,0.015104774343185771,True,8
-310.55349999999953,0.042957154669327986,True,9
-375.3308333333332,0.02823460858624805,True,7
-149.92047619047617,0.04552542214600441,True,42
-25.815357142856556,0.7301122153681887,False,56
196.06513888888867,0.04176381594674415,True,17
34.94035714285724,0.660132139223143,False,56
-7.695357142857802,0.8994107851030955,False,56
91.49464285714271,0.1965571778590003,False,56
46.669642857143344,0.6368943848965901,False,56
-56.4953571428573,0.3587298251285793,False,56
50.695357142856665,0.44124174457224014,False,56
-123.9510714285716,0.41851842186697563,False,56
184.14927272727277,0.04564731943829394,True,21
17.270357142857392,0.7476376284999593,False,56
-294.0799999999997,0.03711894998754568,True,9
-26.98642857142886,0.6915385042661709,False,56
-45.114642857142826,0.4576903916393304,False,56
6.465357142857101,0.9264400976202882,False,56
29.63785714285723,0.670502945114736,False,56
76.42142857142858,0.3240546700544862,False,56
156.3315211640213,0.031475811216124215,True,55
105.487142857143,0.1296228844216435,False,56
147.92198412698394,0.03997164394645,True,39
-106.63063157894749,0.0489415351564987,True,39
109.13535714285672,0.201466808938261,False,56
-62.69107142857138,0.3929474444322838,False,56
-68.38249999999994,0.6573088521197663,False,56
-4.301071428571504,0.9362804052238654,False,56
52.92785714285719,0.4617111419436492,False,56
386.1557575757572,0.046891708662430025,True,23
-394.0270833333334,0.01725792660775002,True,11
-129.38678571428613,0.3988371651804539,False,56
48.54214285714306,0.582921879320463,False,56
-26.88821428571464,0.7166542011489179,False,56
137.67499999999995,0.048472240140676505,True,48
-28.23428571428599,0.6516411122540587,False,56
21.239642857143053,0.7420476907161424,False,56
135.23000000000025,0.05048722981422854,False,56
8.683571428571668,0.8808607179915865,False,56
-14.78500000000031,0.8292282647018182,False,56
36.38749999999982,0.46672408890708605,False,56
20.28178571428589,0.6328692149135589,False,56
45.71392857142837,0.3879867133646038,False,56
2.303214285714148,0.9749467070540981,False,56
9.667500000000018,0.8797074145715483,False,56
246.39944664031646,0.0498858580885631,True,45
30.123928571428678,0.47047480326523183,False,56
-46.299642857143,0.5693354404769763,False,56
-172.14214285714297,0.2625036011295855,False,56
3.9910714285720132,0.9349483904364461,False,56
-56.74928571428518,0.4464392225949947,False,56
11.582857142857165,0.8647140881081988,False,56
-50.96928571428475,0.7431511724798149,False,56
99.51357142857137,0.16810541254618316,False,56
543.2981666666667,0.04228378649211502,True,35
219.05714285714294,0.04622158250979966,True,15
394.3152380952381,0.02530618860717954,True,13
-61.10678571428548,0.45613056316140965,False,56
46.63107142857166,0.45057352004058426,False,56
47.04500000000053,0.5028770932352825,False,56
-188.6399585921322,0.03157090813760767,True,44
18.217499999999745,0.7934124315779081,False,56
-164.45900000000006,0.04005598762577636,True,7
149.6975,0.13105536237945206,False,56
-154.29920000000038,0.048503027097117714,True,50
-10.144642857142799,0.8659114407158208,False,56
36.51678571428579,0.6767981834923363,False,56
-37.022142857142626,0.6691119053532271,False,56
-4.558214285713802,0.9512579998658571,False,56
23.416071428571968,0.6911238670924043,False,56
-60.54178571428565,0.39084461830352224,False,56
43.16607142857151,0.6269509220944979,False,56
342.4190909090905,0.04123743337902709,True,14
-15.517142857142744,0.8549460372967186,False,56
-0.16999999999984539,0.9979566090029682,False,56
-36.57785714285728,0.5851892823273374,False,56
59.145357142857165,0.3215243804680527,False,56
3.090714285714739,0.9655160685445148,False,56
-350.21533333333355,0.049744432286272615,True,11
110.5775000000001,0.20311208632107156,False,56
-2.0807142857147483,0.9757887503505671,False,56
143.928201754386,0.03683519917416374,True,43
82.11999999999989,0.22420717862417505,False,56
-2.278214285714057,0.9710134786862414,False,56
-285.8770000000004,0.018433145457332305,True,7
-40.25714285714275,0.5137492376108419,False,56
21.44464285714298,0.7746720867713809,False,56
18.055714285714203,0.7720453803090094,False,56
-287.64966666666646,0.02732893713510612,True,11
-22.1828571428573,0.596253010255975,False,56
-116.90725217391287,0.04410202414386806,True,48
-31.872499999999718,0.5661811424760362,False,56
10.724999999999454,0.8837087969633948,False,56
-90.67035714285657,0.16351651765442635,False,56
29.24392857142857,0.7541624599343298,False,56
-215.12650793650778,0.03767879957020848,True,16
-18.625357142856956,0.8203501144298574,False,56
11.027857142857329,0.9190263125364407,False,56
-152.95451048951054,0.048469307836182286,True,48
130.75357142857138,0.055112359753780225,False,56
-297.5299999999995,0.047758289694938144,True,11
159.93253846153834,0.044369355375467455,True,23
77.48964285714283,0.28561146914793045,False,56
390.1750000000002,0.049844577458086466,True,10
-10.107500000000073,0.8879233828439761,False,56
7.189285714285916,0.9028631907665384,False,56
-31.992500000000064,0.8348412026331856,False,56
-494.67849999999953,0.027833998286191805,True,9
-105.61999999999944,0.12566311963471788,False,56
-66.02714285714296,0.255056665350815,False,56
86.65964285714244,0.24400599246205124,False,56
70.526785714286,0.22737223638406365,False,56
-75.9810714285718,0.1862145226458322,False,56
-27.770357142856938,0.6016547230842425,False,56
22.57249999999999,0.7437539598183494,False,56
4.008571428571258,0.9601469541300436,False,56
37.29321428571484,0.5648135612783837,False,56
-24.732142857142662,0.6717670271701028,False,56
-231.66261904761905,0.04405055217358359,True,20
21.40535714285693,0.7640233654060146,False,56
-43.27642857142837,0.5165028167915504,False,56
164.87883458646616,0.037922578855594205,True,33
81.36964285714316,0.2686869246213714,False,56
229.75777777777785,0.04969356034805832,True,15
95.38142857142793,0.18268456584653164,False,56
55.47285714285704,0.43005470932193546,False,56
-246.5079999999998,0.036654486587537,True,12
-160.47892857142892,0.2977717031802051,False,56
-91.1317857142858,0.2674724342645197,False,56
24.127857142856783,0.731833626998923,False,56
285.48199999999997,0.03812509168699611,True,15
-31.378571428570922,0.636587350129146,False,56
436.98090909090865,0.042109059244620065,True,21
15.611428571428405,0.7480035589186539,False,56
-515.3158333333331,0.0012081919441424907,True,7
-73.36642857142829,0.3676984187407258,False,56
-34.06964285714275,0.6387062296807265,False,56
-251.31511363636355,0.04811537837051142,True,19
37.813571428571095,0.5156682320198493,False,56
-52.28428571428503,0.40738065245271793,False,56
592.2822222222223,0.04547680013919465,True,16
110.78148148148148,0.04054054323741547,True,54
60.16642857142847,0.31644669918127294,False,56
-4.675357142856683,0.9458218158082058,False,56
-104.90750000000025,0.33793405538253773,False,56
337.91599999999994,0.005210845326886536,True,7
231.64999999999986,0.0036959954887125362,True,7
-54.29642857142858,0.39492392004483434,False,56
-17.460714285714175,0.7685012860695818,False,56
0.4014285714288235,0.9970621778393716,False,56
-206.7037499999999,0.033747852142372026,True,16
47.968571428571295,0.47593365906680024,False,56
-69.0207142857139,0.6524542986248025,False,56
33.52714285714296,0.5643092181810495,False,56
58.98214285714289,0.37596810079718096,False,56
134.3062962962963,0.040621249354359214,True,54
-51.654642857143244,0.4078828306608067,False,56
45.86750000000029,0.7638844942967806,False,56
51.36178571428604,0.3544312404602235,False,56
-79.30071428571455,0.2655331424813451,False,56
6.624642857143499,0.9353621453056719,False,56
110.70964285714263,0.4658061887615162,False,56
63.36678571428615,0.36784058472176123,False,56
-54.40535714285738,0.43306847229557244,False,56
85.83214285714257,0.1648804021091898,False,56
54.808928571428396,0.4315816763659046,False,56
-197.02008771929854,0.045249631484750655,True,31
-8.246071428571213,0.8910062303618111,False,56
96.80749999999989,0.1174956310129036,False,56
100.8128571428565,0.17566154439408427,False,56
-372.91666666666674,0.04349132110613001,True,7
-12.754285714285515,0.8335754317509374,False,56
-21.734999999999673,0.7918483050520705,False,56
65.17535714285782,0.2864506410940134,False,56
-27.56142857142845,0.7228528921369521,False,56
-99.92750000000001,0.23957499593525458,False,56
-142.83652173913083,0.04596473271125677,True,46
-47.66035714285772,0.49615374022926073,False,56
12.568571428571886,0.8560923181858047,False,56
174.19394230769262,0.03703743944484887,True,21
38.943214285714475,0.5218525809299341,False,56
-43.98107142857157,0.48389324381750026,False,56
-15.624285714286088,0.785387014618907,False,56
-88.80607142857116,0.1857622736649303,False,56
279.19899999999984,0.04699547817058376,True,13
-25.40571428571411,0.7088915948911962,False,56
43.539642857143235,0.48032484166103745,False,56
-19.590000000000146,0.7304905876674113,False,56
57.139285714285506,0.41955268762209563,False,56
-49.87821428571442,0.4758666135362683,False,56
-42.37964285714338,0.4563687133058056,False,56
43.60607142857134,0.775605621590551,False,56
7.129285714285288,0.9111732900186766,False,56
238.93599999999992,0.02801705419251856,True,7
-19.81535714285701,0.7696022807089172,False,56
-29.657857142857438,0.6803137325070122,False,56
31.327142857143144,0.6083010883859087,False,56
-20.471428571428305,0.7575094427938424,False,56
-16.623928571427996,0.8233706014220746,False,56
-22.426428571428687,0.8855222123908116,False,56
16.42428571428559,0.8200057325045963,False,56
-16.539285714286052,0.8244726501478572,False,56
142.9542857142851,0.34985140284432187,False,56
270.63666666666654,0.042603038247904235,True,18
-302.1516666666671,0.04777713805577658,True,9
137.76821428571407,0.19639834839096415,False,56
-6.528928571428196,0.9151020439346699,False,56
59.24964285714327,0.3830643411706146,False,56
-19.881785714285343,0.7580057174125454,False,56
-3.061428571428678,0.9647272232430691,False,56
-32.203571428571195,0.7077124997665518,False,56
-284.7992857142858,0.04522153086211464,True,9
114.09642857142853,0.1621735993579941,False,56
-31.992500000000746,0.6624650723366121,False,56
56.23928571428564,0.4589038868561073,False,56
235.89800000000014,0.02167264579419031,True,11
72.17678571428564,0.6348816445789669,False,56
-24.683214285714257,0.7577292023935152,False,56
-52.880357142857065,0.3852068330236857,False,56
44.75357142857183,0.4680681360982806,False,56
-49.39357142857102,0.551288420550967,False,56
-41.86214285714345,0.5453796287643532,False,56
43.80928571428581,0.5330578765666139,False,56
-368.6524999999997,0.03601391265020211,True,10
-33.74714285714299,0.5531349471961237,False,56
-447.8679999999997,0.04765601232916835,True,9
166.58899999999994,0.03881798565259664,True,12
22.796071428571167,0.7089633724233286,False,56
-32.25392857142833,0.8333149723351583,False,56
8.71214285714268,0.878313964892123,False,56
-25.769285714285843,0.7258314013076489,False,56
46.77678571428578,0.4693123597932912,False,56
-232.2120833333331,0.04311086567147637,True,14
-86.46285714285682,0.25031038268830524,False,56
153.0613636363637,0.035977043628701244,True,15
-10.879642857142471,0.8607303947036906,False,56
-47.134642857143035,0.40673064086291005,False,56
0.9678571428573832,0.9877529723520806,False,56
-96.73785714285714,0.10542934228318691,False,56
-561.5516666666665,0.002642631617887953,True,8
-320.0523333333331,0.04312644263641339,True,11
-302.72800000000007,0.02125276502011677,True,7
39.82142857142844,0.5347757384831755,False,56
-25.01214285714309,0.8133516270227797,False,56
23.338571428571186,0.7329781783607117,False,56
276.4239285714291,0.024561180590215764,True,11
-71.06071428571431,0.3132241835258745,False,56
-12.243571428571158,0.8643858350411747,False,56
-83.40964285714335,0.3025475685999637,False,56
20.117500000000064,0.7853703846754213,False,56
10.661428571428587,0.9042267916028744,False,56
26.66035714285772,0.8033897797741948,False,56
-268.08447368421025,0.047043295331100465,True,41
-579.8049999999998,0.04260945095108855,True,8
-199.45616161616135,0.03983879125468777,True,20
47.57749999999987,0.4738039900882061,False,56
-52.35178571428605,0.4827563760243283,False,56
70.66928571428548,0.29874620525267676,False,56
-102.67892857142829,0.11077113751897262,False,56
53.667500000000246,0.4590988564504637,False,56
56.419999999999845,0.4087488827395797,False,56
-68.7199999999998,0.2727674264418554,False,56
-23.843928571428933,0.6688835353786591,False,56
58.70428571428579,0.43260535443133696,False,56
-8.131428571428842,0.9047812106201732,False,56
-72.15214285714342,0.30331271186978603,False,56
38.99607142857167,0.5777896407259316,False,56
-310.0049999999999,0.02014915480425697,True,8
29.20821428571412,0.6644634473371612,False,56
-37.30107142857128,0.5209550088881298,False,56
-89.09071428571451,0.18634416278017485,False,56
246.71754545454564,0.02971855901963215,True,21
-46.00964285714258,0.5925637387918328,False,56
136.6659166666666,0.04465572159665469,True,44
-68.09107142857101,0.2898649725575527,False,56
53.37178571428535,0.39155637714029035,False,56
-0.00785714285711947,0.9999087949844937,False,56
-12.879285714285515,0.8631027295315538,False,56
357.7595714285717,0.04308286451416964,True,17
502.5275000000004,0.023048266439522385,True,7
56.62607142857155,0.4899766697212928,False,56
143.10714285714266,0.17262217685303272,False,56
-43.2196428571433,0.4528216747401256,False,56
-26.4953571428573,0.7889141792068617,False,56
14.177142857142599,0.803265355272501,False,56
7.204642857142289,0.9084584590338093,False,56
-203.63344444444442,0.048338813263391865,True,33
265.5143333333335,0.04738218689577358,True,31
21.50071428571414,0.745721421302637,False,56
28.232142857142435,0.6113080637049115,False,56
-79.15821428571485,0.2974779140735173,False,56
81.09357142857152,0.24488568134886163,False,56
20.24642857142885,0.7842155494368456,False,56
-18.41857142857134,0.7460943984346871,False,56
-36.658214285714166,0.5981679340946591,False,56
84.5046428571427,0.4448448787001133,False,56
-52.21928571428566,0.5078134845262631,False,56
404.17666666666696,0.04713955503913369,True,8
-189.17026315789462,0.04483730074785657,True,35
43.983571428571395,0.5343510760840939,False,56
174.36416666666696,0.040866175408588556,True,7
132.3189285714284,0.06139640796755362,False,56
428.0375555555554,0.019252807730952348,True,14
-26.523928571428314,0.74518269160722,False,56
5.5464285714283506,0.9330036728490897,False,56
-8.919642857142435,0.8876536589051914,False,56
284.5941666666665,0.025414135557234697,True,7
31.36142857142795,0.572499515881669,False,56
-377.36450000000013,0.03972517808746436,True,9
-403.8749999999998,0.022065547062229414,True,12
-44.913928571429096,0.4321674591535292,False,56
-270.84321428571434,0.07976920724172173,False,56
-203.82399999999961,0.0459418326937153,True,13
-214.8747426470586,0.046460892729560326,True,33
135.82161231884083,0.04463618059024228,True,47
80.40321428571406,0.2739378135710594,False,56
24.21214285714359,0.6839155266487091,False,56
-135.71451923076938,0.04183360540968358,True,21
-111.40464285714279,0.13831284783452408,False,56
-8.250714285713912,0.8552441557892001,False,56
71.82500000000027,0.28729505020933166,False,56
154.56607142857183,0.07738483531605446,False,56
-102.2349999999999,0.2702586144110713,False,56
94.5835714285713,0.17673194229320277,False,56
245.37327272727248,0.03823030585366803,True,26
-217.31823809523848,0.04747318576410898,True,29
-43.77392857142854,0.41046743476236297,False,56
-289.9160606060607,0.04967840866654755,True,17
179.71553571428558,0.037019935209641024,True,15
-89.73607142857168,0.0705148738652686,False,56
29.99250000000029,0.8431946203440781,False,56
-12.52142857142826,0.7931062232932738,False,56
-282.52999999999975,0.04862905453682198,True,13
-149.60375661375656,0.04863960937441772,True,55
-206.8408571428572,0.027193990989276124,True,12
-201.52285714285745,0.19042102854334503,False,56
-120.13821428571441,0.09416507690183451,False,56
96.05035714285714,0.3704711515328746,False,56
45.62107142857144,0.5247800469645528,False,56
-44.11500000000001,0.5318680407120263,False,56
154.549666666667,0.04407894386074715,True,44
-206.70346153846117,0.045943241024499516,True,52
10.128571428572059,0.8628023444347982,False,56
42.21321428571446,0.5628319433337975,False,56
-405.42416666666645,0.03492228066425718,True,7
54.55500000000052,0.33928525670207604,False,56
-113.25571428571425,0.06562188373075505,False,56
14.22857142857174,0.7937295170278156,False,56
-15.517857142856656,0.9194676741294097,False,56
175.2017857142855,0.10800708742213451,False,56
-239.26,0.04263715451205593,True,9
119.7928571428572,0.06650862067070812,False,56
84.14964285714291,0.18304490506146015,False,56
19.959285714285897,0.7706684544480312,False,56
-49.39571428571389,0.46609893760237936,False,56
128.45416363636355,0.04840005469344642,True,47
-447.60249999999996,0.00240821600422985,True,7
-100.09279761904759,0.045747183931255535,True,52
53.96392857142814,0.7251997918409686,False,56
88.3842857142854,0.5683770043708123,False,56
-67.97857142857151,0.36727149269502574,False,56
59.36892857142857,0.3345962771762725,False,56
-13.620000000000118,0.8264314176741605,False,56
-28.639285714285506,0.6301668937362642,False,56
82.41321428571428,0.2527604528233736,False,56
61.144642857143026,0.5375423389013857,False,56
6.142857142856656,0.9292121556448755,False,56
54.69142857142833,0.40112064113932905,False,56
52.26249999999982,0.365960221278638,False,56
11.025357142857501,0.8604743146624829,False,56
-1.8400000000001455,0.975759973827621,False,56
-176.92821428571392,0.24724060514504184,False,56
72.00750000000039,0.23589324477647236,False,56
44.40785714285653,0.5878287713486321,False,56
-40.71285714285705,0.5293556718974196,False,56
44.16071428571399,0.46704691296152534,False,56
-66.25464285714315,0.33111006194217735,False,56
148.99178571428615,0.3350494020666314,False,56
32.43607142857104,0.612335646848346,False,56
-39.79250000000047,0.592639967562776,False,56
-51.709285714285215,0.4354429758189287,False,56
70.1460714285713,0.3472576087242954,False,56
9.235714285713811,0.8709535606284549,False,56
53.124999999999545,0.4364271799021256,False,56
-100.28785714285732,0.16775223829611888,False,56
35.26749999999993,0.8205834511826473,False,56
64.94964285714332,0.24364431193283473,False,56
11.716785714285834,0.8704830021916361,False,56
-182.3103409090911,0.038047491671418805,True,46
60.772142857142626,0.5662244455836258,False,56
15.766071428571195,0.7946455891631317,False,56
-233.15685714285723,0.03042204715281741,True,12
148.3275000000001,0.33139089388572557,False,56
-61.42714285714305,0.37769214839326604,False,56
-386.6853333333331,0.027693125468950495,True,8
23.350714285714275,0.7818539122198307,False,56
94.24392857142811,0.14403542056391425,False,56
-327.71657142857134,0.038228457263049916,True,12
-41.86999999999966,0.5368126273791267,False,56
53.986785714285816,0.4189430090679783,False,56
10.277142857142735,0.8804490686746227,False,56
-20.380714285714248,0.7815937887756084,False,56
92.44821428571436,0.11569954434930782,False,56
3.0614285714284506,0.9640669650607561,False,56
37.27857142857124,0.5897368432408355,False,56
-78.69249999999988,0.2660629321889336,False,56
-28.585357142856765,0.6918686156856362,False,56
237.4082539682538,0.03820473887729708,True,16
-31.072142857143263,0.7218701857088491,False,56
12.194285714285797,0.8570232849881493,False,56
-4.958571428571304,0.918715948961777,False,56
3.1892857142859157,0.9835622117805717,False,56
-141.86457875457904,0.04396348557536519,True,47
186.7750000000001,0.22482883444683419,False,56
170.60805194805198,0.045688781905174496,True,25
-64.95285714285728,0.3437513041716132,False,56
106.91464285714324,0.13446167943826612,False,56
81.3692857142853,0.2507166200836016,False,56
-62.44428571428534,0.5286866807841293,False,56
-123.64214285714297,0.12597697773447156,False,56
238.70388888888874,0.03833388982967096,True,11
51.39428571428539,0.3950538285696936,False,56
-49.63214285714298,0.49037436206161134,False,56
-38.89857142857136,0.5320739679731316,False,56
91.51678571428579,0.24354972898562202,False,56
70.38000000000011,0.5212770881673867,False,56
204.04800000000023,0.046453141068444205,True,12
35.53535714285704,0.6230511343774338,False,56
-16.042500000000473,0.7956352513532142,False,56
-50.02928571428606,0.3900684865643355,False,56
42.85714285714289,0.7790567915228946,False,56
4.720714285713939,0.9286012142174419,False,56
204.35916666666685,0.02862741671394254,True,10
29.177142857142826,0.6277428051302937,False,56
24.743214285714657,0.6439382685846624,False,56
47.07464285714286,0.3328844671757439,False,56
-21.63714285714309,0.7296237651678731,False,56
7.9675000000004275,0.8944751127470411,False,56
25.97999999999979,0.6787686579479556,False,56
-1.7824999999998,0.9790980558565578,False,56
1.5760714285715949,0.9862605886398331,False,56
-364.08422222222225,0.04842207333213373,True,14
86.82464285714286,0.20291193521117865,False,56
49.61714285714288,0.39869084875213656,False,56
228.6135714285715,0.13144381755854137,False,56
-107.48142857142875,0.08980513931735544,False,56
-162.13142857142816,0.038636477702575285,True,39
77.2589285714289,0.3492740553039101,False,56
-75.5196428571428,0.2943571405233663,False,56
-1.2239285714288144,0.9841511135656382,False,56
160.37464285714236,0.29526161551477076,False,56
42.249642857143044,0.5341636637402387,False,56
-3.4157142857141025,0.9559067157690236,False,56
-71.39250000000038,0.4999596159126486,False,56
11.43464285714299,0.8576613571250922,False,56
-404.5649999999998,0.010362419945568486,True,9
-48.321428571428896,0.508406486927598,False,56
-39.21214285714268,0.566598739270166,False,56
13.953571428571422,0.8246064594800748,False,56
3.584999999999809,0.9544815065232649,False,56
-156.8831818181818,0.046494941083082386,True,27
98.03857142857146,0.10759061407782664,False,56
-32.76464285714269,0.6539316990525093,False,56
28.17035714285703,0.7937678920946765,False,56
-53.73464285714226,0.4529231357122044,False,56
-87.15250000000015,0.21304799243072028,False,56
215.70366666666655,0.04177658323647537,True,11
65.73785714285668,0.4345189678475225,False,56
317.7714285714285,0.0319136466400658,True,16
-148.03867965367976,0.0455707795359586,True,43
35.32535714285723,0.5906676963243997,False,56
-4.993928571428796,0.914548032733512,False,56
2.9100000000005366,0.969526309837865,False,56
105.80964285714344,0.4924217732704306,False,56
74.87785714285701,0.2405020718354953,False,56
33.99071428571415,0.7550946527527739,False,56
56.75000000000068,0.4553709431797794,False,56
-13.325000000000045,0.8436466397325909,False,56
4.913571428571231,0.948374641497109,False,56
-126.2960714285714,0.08727036005553658,False,56
-23.98428571428576,0.8774362981872321,False,56
-32.412500000000136,0.49990652547246206,False,56
180.98333333333312,0.04722321981700685,True,9
209.22199999999998,0.04808485107337928,True,12
40.190714285713966,0.5433512783681071,False,56
-213.710833333334,0.028554583997350703,True,24
11.603571428570831,0.8652729929211634,False,56
-57.31964285714298,0.5341226269589779,False,56
-9.272500000000036,0.8916578458496665,False,56
29.60250000000019,0.6548348459628298,False,56
-47.81392857142828,0.4846992650655227,False,56
428.80999999999995,0.02475805290313913,True,8
-21.593214285714566,0.7352868030366005,False,56
21.238928571428232,0.751133841338479,False,56
-16.61107142857145,0.8183138824204744,False,56
-51.5217857142859,0.417156487172245,False,56
44.64857142857136,0.4812254195243323,False,56
71.96571428571428,0.24770648087596694,False,56
77.34178571428629,0.4716622635360236,False,56
-8.272499999999809,0.9027170013404882,False,56
200.01678571428533,0.05962493174330996,False,56
-168.08321428571435,0.2683127431037086,False,56
-90.27285714285745,0.1561720135728384,False,56
-20.490357142856965,0.7444783170105352,False,56
278.2977777777776,0.04938245150504603,True,14
-20.865714285714148,0.7445053964451597,False,56
-81.21035714285699,0.34019790325833765,False,56
-132.77533333333326,0.03584922387945989,True,25
-324.9489031339033,0.045976660298584805,True,53
-60.452500000000555,0.4083478136738512,False,56
-4.991785714285925,0.9495992029521788,False,56
55.11928571428598,0.5177949458193002,False,56
-6.473928571429042,0.9068743806360567,False,56
-26.11500000000001,0.7060479930603722,False,56
-146.57857142857165,0.12962151409450687,False,56
171.33562499999994,0.03456625166704931,True,31
33.34607142857158,0.577432144840319,False,56
-38.792142857142835,0.6741754406679425,False,56
51.98535714285754,0.5501403290056248,False,56
1616.7560000000003,0.014672512917482058,True,7
-64.02964285714302,0.3763855094757464,False,56
-235.65371428571484,0.04800967502059986,True,24
-305.2298571428571,0.029452250764372308,True,17
0.8396428571429624,0.9917764215274453,False,56
51.743571428571386,0.5898238469036684,False,56
208.6433333333332,0.042235627610776594,True,42
41.53214285714239,0.5852170058349789,False,56
207.65403921568623,0.04653306364185415,True,32
221.60357954545452,0.036131820089583676,True,27
-41.33785714285705,0.6358347240398167,False,56
-183.0356250000002,0.04976342081848357,True,27
-39.984285714286216,0.5611792149736033,False,56
2.170357142857256,0.9787272370981028,False,56
-31.70535714285711,0.6193287040722859,False,56
67.32464285714309,0.3579589504256567,False,56
37.08857142857164,0.5870270579302409,False,56
13.530714285714339,0.8318269462756908,False,56
53.75321428571442,0.37615735373325915,False,56
2.9696428571435263,0.9555939019749243,False,56
-30.649285714285725,0.6050657419715421,False,56
-459.9929999999997,0.0055732488573336575,True,7
-69.51142857142804,0.43800614519279374,False,56
-17.69892857142804,0.8025866218449504,False,56
108.83785714285705,0.19998780260934262,False,56
-46.513928571428096,0.4925799070739973,False,56
9.020357142857392,0.8982967274187362,False,56
36.183928571428396,0.619627323492937,False,56
-240.60365384615352,0.03406929010411496,True,21
235.57822222222217,0.03762740554657957,True,14
-46.389285714286416,0.48239894960240837,False,56
-171.7746428571429,0.259107932261446,False,56
23.41178571428577,0.8068108559960013,False,56
70.89785714285745,0.3107504639026557,False,56
48.224285714286225,0.47941408981324807,False,56
-31.90678571428589,0.6679665829847945,False,56
35.483928571428805,0.5577599031931488,False,56
-52.90357142857124,0.3198268223201916,False,56
-97.15535714285716,0.1255261429170557,False,56
-142.34958041958043,0.037221052124312586,True,48
-163.15666666666652,0.030047775938032848,True,7
30.373571428570813,0.6440601026019929,False,56
49.00678571428625,0.47988331183639105,False,56
-181.7039285714286,0.09334396792722281,False,56
-9.894642857143253,0.8924724525621459,False,56
110.47535714285732,0.09929854753772734,False,56
-53.6296428571427,0.5154241397826155,False,56
348.00500000000034,0.04486841400960543,True,9
260.1088888888887,0.035672053654640386,True,15
-86.51535714285728,0.2634532821615164,False,56
-32.988571428571504,0.5949732085432053,False,56
-1.6550000000004275,0.9809429835587048,False,56
-15.562857142857183,0.8257931700422427,False,56
-80.9510714285716,0.26553953579336126,False,56
19.589642857142735,0.7210340276100886,False,56
-0.9464285714288962,0.9907012133962586,False,56
-22.0428571428572,0.7634429499153976,False,56
-74.3542857142861,0.2042157765176066,False,56
-14.920357142857029,0.8580961947538116,False,56
157.91928571428548,0.30613639856272395,False,56
-11.35357142857174,0.8692109921585568,False,56
-40.8103571428569,0.5156614480746295,False,56
44.19071428571442,0.5337939379674382,False,56
-193.46361111111128,0.04517895794080533,True,21
12.353928571428469,0.837812583912259,False,56
390.29966666666655,0.04439232100394757,True,22
-19.074642857142862,0.8125794304553212,False,56
19.609999999999673,0.7533498033913252,False,56
146.22236923076957,0.046218694800193624,True,51
-209.42388888888877,0.03586846946336676,True,15
-22.08464285714308,0.7682644844084068,False,56
-211.00833333333344,0.034841636775855125,True,8
-200.86714285714243,0.19346541027313813,False,56
15.204285714285788,0.8282723261843346,False,56
-269.6571428571426,0.018777667804109572,True,9
40.96285714285682,0.7898762848053569,False,56
-72.37499999999932,0.3983346038429781,False,56
24.982857142856346,0.7690143111870357,False,56
41.00571428571379,0.4816237600265494,False,56
-11.618928571428341,0.8636726639093641,False,56
432.66715909090954,0.03642713247574091,True,27
199.5629696969695,0.04861374863546341,True,26
118.73107142857134,0.06276921010687384,False,56
63.13071428571425,0.3093003780681452,False,56
66.47392857142859,0.665528017440941,False,56
-35.53571428571354,0.7247987036201028,False,56
-122.42535714285691,0.4311724076533199,False,56
-117.11195512820518,0.038200303944927766,True,50
-109.50642857142884,0.25967608956886995,False,56
-200.34200000000033,0.014621868430556526,True,7
62.610714285714266,0.3407939222733303,False,56
-35.20357142857165,0.6376352277568529,False,56
241.51000000000022,0.039837656461609514,True,14
14.75535714285752,0.8306739728821286,False,56
232.48720000000003,0.049765133282744185,True,50
73.99071428571483,0.3648096491994573,False,56
252.63321568627453,0.046205140167003916,True,32
-8.443928571428614,0.8614058528633962,False,56
220.51000000000022,0.025076852228976574,True,8
-270.7049999999995,0.03482155769289391,True,9
22.707499999999982,0.7299335053289844,False,56
13.228214285714557,0.8379205232961874,False,56
397.4281666666668,0.04490923511091346,True,23
170.98051282051324,0.046807085841232055,True,25
27.99178571428547,0.8550316002528484,False,56
-21.603571428571286,0.6328324926674038,False,56
89.47571428571428,0.20169147884052216,False,56
-68.87678571428546,0.3486932725328934,False,56
1.3857142857145845,0.9805778900190489,False,56
-238.07166666666694,0.03647634127264148,True,8
27.357142857143117,0.6453700499998438,False,56
-0.2364285714286325,0.9972996170405554,False,56
-298.6890000000003,0.018245494042770514,True,9
240.64499999999975,0.032480839823380986,True,12
-237.2650000000001,0.04871091371783652,True,11
270.15257142857195,0.0442930626103496,True,17
-1.9460714285714857,0.978173752496927,False,56
-69.7385714285715,0.2985533953475097,False,56
29.430357142856792,0.7833248623136454,False,56
-14.688571428571777,0.8313682338532996,False,56
112.75678571428602,0.10040820732016566,False,56
-21.857499999999845,0.7743489597745407,False,56
-92.93107142857116,0.538219852538633,False,56
-36.626785714285234,0.6185904899022588,False,56
32.9025000000006,0.6777579895643661,False,56
2.9735714285716313,0.961966571326739,False,56
-296.8183333333334,0.017986027029780367,True,10
14.159285714285716,0.819696338294824,False,56
-66.00499999999988,0.4141031571417559,False,56
377.385,0.046037872304576004,True,13
-40.191071428571604,0.5102278832168538,False,56
499.78866666666704,0.024857270416274026,True,8
338.04957264957284,0.031063384063182466,True,53
-113.87607142857178,0.21591777664011064,False,56
-33.250357142856956,0.585163446247302,False,56
9.794285714285706,0.8776915762850442,False,56
111.84464285714284,0.1631017680147403,False,56
-7.049285714285588,0.9000856826933198,False,56
11.725357142857547,0.906062395526652,False,56
-194.2351666666666,0.04874578278817733,True,22
163.25139473684203,0.04953836000853677,True,39
267.3523076923077,0.03633817328282113,True,26
315.19200000000046,0.045589023840485327,True,9
-257.86966666666626,0.03707815764097996,True,27
218.45660130718943,0.046684276445399374,True,35
-22.77249999999958,0.7793358562728049,False,56
-169.6167857142857,0.27296749715909546,False,56
-50.85607142857134,0.5192989316218916,False,56
-11.70750000000021,0.8639257847320868,False,56
2.8746428571425895,0.9606517711663564,False,56
56.1400000000001,0.4156119521005211,False,56
64.0196428571428,0.3300157671352774,False,56
-251.09545454545423,0.0473427116549775,True,45
-37.839285714285325,0.5275339700424005,False,56
-196.88351851851803,0.04472620298734145,True,53
57.72321428571399,0.5086442442277749,False,56
18.500357142856956,0.7655819045264838,False,56
-2.7650000000003274,0.9546182872985305,False,56
-24.031428571428705,0.7513311964108997,False,56
194.88254901960772,0.036090234568666404,True,38
38.34142857142888,0.5499352730156226,False,56
145.14222222222247,0.049470419464192256,True,16
-50.657500000000255,0.3386394868222662,False,56
-199.95666666666648,0.0427663347553284,True,25
291.62599999999975,0.002476593620355573,True,7
-34.46821428571434,0.6748291865274133,False,56
15.243928571428796,0.8285344761115458,False,56
-261.17214285714294,0.009778937974445769,True,9
2.5089285714288962,0.9646262657884009,False,56
-66.85750000000007,0.6637501149941128,False,56
-22.638214285714866,0.7044354166243131,False,56
47.269999999999754,0.49012399213342606,False,56
-23.816785714285743,0.7147573534065977,False,56
-90.80821428571403,0.24560874251535653,False,56
-50.7974999999999,0.460972250440264,False,56
242.29999999999995,0.043999305395133415,True,14
-17.416071428571286,0.800462886481233,False,56
-38.81678571428574,0.5924627072075307,False,56
77.65107142857164,0.34287412677506274,False,56
-55.354642857142835,0.36142547477688935,False,56
279.17150000000015,0.04402802915664107,True,9
-55.579285714285106,0.3257126372149481,False,56
207.93465811965802,0.04455265421509049,True,31
-41.849642857142726,0.5755063222358074,False,56
23.840714285714284,0.6744515214382385,False,56
109.83285714285694,0.21427140680259385,False,56
80.6017857142856,0.24613153478939756,False,56
113.62214285714322,0.2974487915430048,False,56
28.037857142857774,0.6792421317048126,False,56
-221.6454166666665,0.03522618135414429,True,20
24.074285714285452,0.651700548079429,False,56
130.04571428571444,0.3035098045993205,False,56
96.94964285714286,0.16613757055394884,False,56
-258.73897727272697,0.039492191216395675,True,19
-178.6583173076922,0.047499378685949945,True,29
-89.46678571428583,0.1718986517012664,False,56
16.67750000000001,0.8164826886502528,False,56
29.16892857142875,0.6355709159756401,False,56
-134.41914285714256,0.04947809407220265,True,36
-235.3974999999998,0.03850812468334404,True,25
249.86200000000008,0.018770706135797764,True,10
-15.979285714285425,0.8154019908289522,False,56
-28.631071428570976,0.6643848057570644,False,56
-172.19727272727232,0.04248353426873937,True,45
59.60035714285732,0.38311645518949794,False,56
-34.846785714285716,0.6164211133565011,False,56
-229.82346153846152,0.04359367979618343,True,25
7.57214285714258,0.9267837158853102,False,56
-23.297500000000355,0.7347257010058679,False,56
-244.88374999999996,0.04168235358118698,True,16
50.16964285714289,0.6380112364309836,False,56
-61.79499999999962,0.2970579277741386,False,56
-14.616071428571104,0.8842286349282835,False,56
67.08535714285745,0.3832439917485379,False,56
137.7989285714284,0.0556061802656927,False,56
-59.94785714285649,0.28803712533417797,False,56
-136.51107142857109,0.1588055220804982,False,56
73.79928571428559,0.27909920103228736,False,56
-361.8003333333327,0.045740584690809584,True,11
-47.86178571428536,0.3877558194677387,False,56
-5.301071428571504,0.9475139727240381,False,56
-161.10680000000002,0.04014814535225384,True,50
174.72523809523796,0.03457268394817712,True,16
112.4533333333336,0.018217409212622937,True,7
31.874999999999773,0.6664046938614759,False,56
235.21126984126977,0.03460920464745385,True,16
-342.23416666666685,0.048121264490142895,True,10
434.672222222222,0.00019173456283464984,True,11
110.7832142857144,0.47371165887210204,False,56
-42.534999999999854,0.5135658927307012,False,56
5.58178571428607,0.9317072461268273,False,56
188.8804805491991,0.04618492406593734,True,42
-232.39083333333338,0.037462076201963394,True,14
28.968214285713657,0.6492035018721714,False,56
20.28071428571411,0.816266647916873,False,56
242.05985714285748,0.03759933502597481,True,24
91.76821428571407,0.2783455551322301,False,56
34.31071428571386,0.5199464366641839,False,56
-167.10931818181803,0.042756992609484325,True,42
-56.47535714285732,0.17492702753197067,False,56
57.548214285714266,0.4389764004565369,False,56
139.70714285714303,0.10745229817799581,False,56
164.92928571428524,0.28110025745632794,False,56
-58.26785714285734,0.28321548176330524,False,56
-190.25394957983167,0.026312680085025953,True,24
-15.49321428571443,0.8125338233947466,False,56
-110.21928571428566,0.10454862556086654,False,56
104.42999999999984,0.13617302957518396,False,56
-38.92642857142869,0.6198141439108205,False,56
23.943928571428387,0.8023902128793677,False,56
-43.97321428571445,0.5314433235202705,False,56
-182.42139588100758,0.04912561779401861,True,42
224.2531578947369,0.03863024967535902,True,34
-22.092499999999745,0.7595671704609543,False,56
-52.899285714285725,0.39688994315362647,False,56
51.5371428571425,0.472658984438085,False,56
58.97999999999979,0.36863100202453536,False,56
-19.334285714285443,0.749060064740028,False,56
87.50464285714293,0.211687573319465,False,56
2.696785714285852,0.9564715262841142,False,56
-57.93928571428546,0.5592100657500193,False,56
32.619999999999436,0.6543530515345375,False,56
274.4123809523812,0.04695446546502785,True,10
-36.31178571428586,0.6193328434937704,False,56
15.620000000000346,0.808571199961507,False,56
-47.76071428571413,0.4369533915169688,False,56
-216.56489878542516,0.045631205142070044,True,32
101.77214285714285,0.09647517488717426,False,56
-3.933928571428396,0.9542872672815953,False,56
-19.593214285714566,0.770872431751046,False,56
4.710000000000264,0.9379929747503027,False,56
-307.98533333333353,0.047603825058092436,True,8
127.1439285714282,0.1045738503246211,False,56
-9.010714285714585,0.8969648296683055,False,56
120.4960714285719,0.43203188121813596,False,56
312.413,0.027980950370910435,True,13
6.700357142856774,0.9517952915222934,False,56
-53.85821428571421,0.7268615313145919,False,56
-436.7199999999998,0.04822461635133433,True,10
-507.6934583333332,0.048282340646107855,True,31
-68.63249999999971,0.3398654014590858,False,56
130.67749999999978,0.39655474792976575,False,56
25.18857142857155,0.7124334561607013,False,56
-74.70428571428602,0.4945833757430325,False,56
136.86909090909103,0.04215062183080412,True,46
-7.450357142857001,0.9133641878588545,False,56
-16.641071428571195,0.8388593677895566,False,56
60.229285714285425,0.3382526385812758,False,56
-183.70675324675335,0.04727127818188629,True,18
222.2406666666668,0.04575359800273144,True,30
261.0246666666667,0.04435485282039755,True,11
-11.588928571428823,0.8711880756252034,False,56
-166.44615384615372,0.04895966479987951,True,29
60.70785714285739,0.43672626250723734,False,56
12.545714285713984,0.8458056825470905,False,56
13.345357142856528,0.8041518402199848,False,56
18.72035714285721,0.7928655745927875,False,56
-8.250357142856956,0.9176719295014761,False,56
75.39714285714217,0.347179152149382,False,56
-370.4345134575567,0.042357947050987346,True,44
-20.61892857142857,0.7396545369178762,False,56
310.01066666666657,0.04736846996018125,True,20
-447.2243939393941,0.045778067285135726,True,23
123.53821428571405,0.11993663093541307,False,56
5.05857142857144,0.9352186941033065,False,56
36.36571428571483,0.5676855331282068,False,56
9.96607142857124,0.8828753931202477,False,56
11.76214285714309,0.854704380033349,False,56
31.2650000000001,0.667299213886734,False,56
-17.236428571428632,0.7800957863672032,False,56
-75.32857142857142,0.3474284549324521,False,56
-87.13000000000034,0.13907753497928113,False,56
43.99428571428575,0.4396141119650037,False,56
12.88857142857114,0.8531141169744668,False,56
-259.9200000000001,0.038363655541048786,True,8
54.3275000000001,0.5237122100835527,False,56
-276.02800000000025,0.019039599026456095,True,8
97.60071428571428,0.1876058409336719,False,56
35.54392857142807,0.5967990512182162,False,56
-0.15428571428628857,0.9986275345125282,False,56
30.67178571428599,0.6365362807438457,False,56
11.884642857142808,0.8613269277449438,False,56
-186.00590476190496,0.04251525843353877,True,46
-93.90071428571468,0.2143982567527006,False,56
42.472142857143126,0.6001042476586506,False,56
261.1016666666667,0.021939123240028578,True,7
4.86392857142846,0.9413272972033849,False,56
-128.82987922705365,0.02698747981373314,True,41
-61.96107142857204,0.506340410043638,False,56
323.12300000000005,0.03948010745962517,True,7
-73.82642857142878,0.40274144441497894,False,56
40.6921428571427,0.5650204020495788,False,56
-63.29750000000013,0.3465183973133406,False,56
163.117666666667,0.04513356917564282,True,38
-89.94035714285701,0.33048048595012386,False,56
-33.547142857142944,0.5996170318948234,False,56
6.301428571428687,0.9234360916302837,False,56
-87.28821428571428,0.1501245935028368,False,56
-292.7103571428577,0.029195024532831237,True,19
-347.9749999999999,0.04650288008730863,True,7
2.722500000000082,0.9706662418838138,False,56
17.68642857142845,0.7112531366440552,False,56
-89.4257142857141,0.20045250430139336,False,56
95.41928571428616,0.18680485311644604,False,56
9.356428571428523,0.9009536680077384,False,56
95.88785714285723,0.13616994436065075,False,56
54.086071428571586,0.46715102404945424,False,56
-52.88857142857137,0.40895877387891827,False,56
73.95642857142843,0.3944326807870718,False,56
-123.40245819397978,0.03843764828784427,True,49
385.4229999999998,0.026439632796538718,True,14
-13.331785714285843,0.8579486052139286,False,56
53.029285714285834,0.5084912125384005,False,56
18.28892857142864,0.7680661538566205,False,56
381.1680000000001,0.01870520674113631,True,7
8.252857142857465,0.9060050123244946,False,56
6.5499999999999545,0.9053365622877634,False,56
15.184285714285807,0.9047591841003126,False,56
-10.383571428571031,0.8851454218481786,False,56
39.675714285713866,0.5619909143257974,False,56
-4.26107142857154,0.9288310835745399,False,56
-72.40928571428594,0.254881846776451,False,56
-55.834642857142626,0.3267569006623317,False,56
51.7846428571429,0.4524954864152437,False,56
-17.760714285714812,0.795358787944222,False,56
180.924666666667,0.04788196905527262,True,30
-211.42750000000046,0.16622056832243792,False,56
-32.36571428571415,0.6663568634715296,False,56
-258.6716666666664,0.017028434318047073,True,7
29.54071428571433,0.7333583201843384,False,56
-189.1716233766233,0.045007903572024895,True,25
-117.01795518207268,0.04700927440472896,True,38
29.200000000000045,0.6778477794754812,False,56
227.86035714285708,0.021836501020911572,True,11
-195.83065656565623,0.04516058933953642,True,40
-18.06749999999988,0.7954497143898385,False,56
-87.02214285714263,0.12977893822675057,False,56
416.3833333333332,0.002878897244453987,True,8
20.177857142857874,0.775411303006425,False,56
-6.287499999999454,0.9100344476677747,False,56
-176.54583333333335,0.042771690469563334,True,23
-40.258214285714075,0.5596476508932299,False,56
-262.4074999999998,0.04728271269817539,True,10
108.5145787545789,0.031148579162377815,True,47
-8.075000000000273,0.8869343098608798,False,56
-3.7192857142858884,0.9621679950382187,False,56
-38.36428571428564,0.5622487472058326,False,56
269.0899999999999,0.03972488801689438,True,15
-16.323571428571768,0.7994337136536033,False,56
-39.53892857142864,0.5949618876874918,False,56
-241.09500000000003,0.04749940443382474,True,16
67.49107142857133,0.39137698350617595,False,56
331.8600000000001,0.032309207316770554,True,8
-163.36198564593292,0.03614188965932698,True,41
1.0799999999996999,0.9875688932720839,False,56
-131.11246794871795,0.04924437437556408,True,50
8.094642857142617,0.9274323059438917,False,56
-157.20000000000005,0.30883490195942775,False,56
-137.80382352941183,0.04968942330402317,True,27
290.6016666666669,0.046148848082642656,True,10
9.027499999999918,0.9049060538322594,False,56
26.37500000000091,0.7238065996124823,False,56
-296.7025000000001,0.023605741131776735,True,7
-42.86999999999989,0.5077218058372036,False,56
112.9307142857142,0.18066093212449547,False,56
65.76035714285763,0.37926719881433846,False,56
23.435714285714766,0.7940486121639553,False,56
5.553928571428969,0.9357993294780611,False,56
404.62171428571446,0.0471616963167621,True,12
-32.336071428571586,0.6670318440063119,False,56
-32.565357142857465,0.6386486023233444,False,56
11.46607142857124,0.8290749194447766,False,56
-71.11142857142909,0.5016110402458028,False,56
-153.69727272727255,0.04626321718183023,True,42
41.38285714285712,0.49828769314155263,False,56
9.734285714285988,0.8839311444194687,False,56
-28.29000000000019,0.705813974477521,False,56
46.391785714286016,0.6675328412344441,False,56
194.40499999999975,0.04453565822002804,True,10
-461.04666666666685,0.005283109898959705,True,8
20.598928571428814,0.7457824925960284,False,56
-33.84107142857147,0.5871711186441032,False,56
41.45892857142826,0.5056637595087956,False,56
98.35392857142892,0.1717371560378,False,56
361.4922857142858,0.03441605283355777,True,12
192.3935416666668,0.04217263532956801,True,34
-305.2083333333335,0.019512125559919494,True,8
-324.13722222222214,0.023304977389395225,True,15
22.337857142857047,0.8385619510469079,False,56
43.02321428571463,0.5569857349689775,False,56
-26.246785714286034,0.6143988333451434,False,56
313.8549999999998,0.03633444202613148,True,8
-67.82749999999987,0.23225259694048253,False,56
19.74499999999989,0.7284810971658588,False,56
-124.56035714285667,0.4127676557650835,False,56
115.83178571428607,0.08189047961701454,False,56
10.169285714285934,0.9253865155763817,False,56
-49.909999999999854,0.651022716524177,False,56
-157.51428571428573,0.10391303021155489,False,56
59.00142857142919,0.39605128148521307,False,56
44.820000000000164,0.44270447900611026,False,56
22.94142857142856,0.7349843313193539,False,56
-93.25357142857138,0.18970312286034138,False,56
13.334999999999809,0.8378769926047589,False,56
98.66535714285715,0.5205930925814937,False,56
-18.325357142857456,0.801482650230007,False,56
164.20894736842092,0.03465293941009851,True,38
1.226428571428869,0.9838406838974747,False,56
118.93677777777748,0.04162044106336515,True,38
43.84142857142888,0.5077697787432436,False,56
-65.68571428571454,0.35170331495505935,False,56
-117.35916666666685,0.04529110871036147,True,10
-97.29607142857208,0.2934013065992437,False,56
275.1514285714286,0.043978397433841694,True,14
20.058214285714485,0.7092670606957838,False,56
212.31999999999994,0.045172107567647925,True,22
-89.99035714285719,0.2934066204321199,False,56
47.89714285714308,0.43648918033923495,False,56
-269.31142857142845,0.04647746631250325,True,9
-12.06571428571442,0.8299333684542395,False,56
-84.91928571428548,0.19174357466999808,False,56
-29.114999999999554,0.743232709304874,False,56
-46.012500000000045,0.41181964666305704,False,56
-14.928928571428969,0.8255653191463975,False,56
25.344642857143526,0.6328686003944022,False,56
19.144999999999982,0.7764276452247089,False,56
369.2516666666668,0.003055690045683517,True,8
88.73249999999962,0.06217972267849265,False,56
-42.321785714285625,0.48574950377088955,False,56
-26.450000000000045,0.7442348375572071,False,56
27.67035714285703,0.551515470824629,False,56
-3.2628571428570012,0.9590449508331229,False,56
215.37799999999993,0.03887458246489951,True,10
-250.27166666666676,0.04425259541433864,True,9
37.97607142857123,0.5106021914502271,False,56
-64.42250000000013,0.3474964850140609,False,56
200.88285714285735,0.19484839315750713,False,56
64.06571428571442,0.4605911893910421,False,56
6.6535714285714675,0.9084345064501238,False,56
-11.211071428571586,0.8216223531502983,False,56
-69.55964285714299,0.3505430487384984,False,56
325.75166666666655,0.03432123439564782,True,9
36.74892857142868,0.8108156377424574,False,56
43.13678571428591,0.3705731646235613,False,56
383.1627272727271,0.037181696562534006,True,14
60.24214285714288,0.25985716483455873,False,56
-6.283571428571804,0.9240474791565959,False,56
281.1783333333335,0.047264826064016024,True,7
-199.9566666666667,0.028239061632916944,True,8
-94.83428571428567,0.1795022073466665,False,56
-12.390714285714012,0.8798258644122545,False,56
-2.3596428571431716,0.9757668327558973,False,56
-8.016428571428378,0.9034151953635624,False,56
-32.89571428571435,0.5864485125050832,False,56
-57.29678571428576,0.4050163721788288,False,56
432.62333333333345,0.009335095462178561,True,7
150.2081333333333,0.044112374470404114,True,49
-299.8774999999998,0.02315463458742864,True,7
185.51101973684194,0.030142149580478214,True,35
444.8119999999999,0.048103801392088405,True,7
11.397499999999354,0.8654603845593568,False,56
29.662857142857092,0.6270387838276642,False,56
44.96571428571406,0.4557801250994992,False,56
-79.49464285714294,0.16720195550826858,False,56
405.83249999999975,0.04484233378559335,True,10
34.80714285714316,0.7261597336472818,False,56
78.69357142857189,0.375838599957228,False,56
-14.506071428571659,0.8003868139192244,False,56
-39.765714285714466,0.6077599195412305,False,56
-0.11642857142851426,0.9986045212266857,False,56
1.9925000000000637,0.9760105252775608,False,56
39.29607142857094,0.4842204502086399,False,56
268.9212500000003,0.0346062651661904,True,13
-124.97678571428537,0.17163164015772903,False,56
-165.86428571428564,0.2792775556935557,False,56
-202.89041666666685,0.04924747983649579,True,11
-250.38049999999998,0.04947996545997266,True,17
97.32428571428568,0.12492860177898696,False,56
2.702500000000555,0.9699665905220947,False,56
14.033571428571577,0.8858103469734032,False,56
-1.7078571428567102,0.9799183334752415,False,56
21.92357142857145,0.7628597882300759,False,56
66.0507142857141,0.4123296161646139,False,56
-89.51714285714297,0.22106597788204702,False,56
-26.629999999999654,0.7099937914073473,False,56
-50.926071428571504,0.48739351410293297,False,56
-96.51535714285706,0.3137814093918589,False,56
-41.62785714285701,0.6698403689664622,False,56
-129.3696428571427,0.4058612227744089,False,56
34.42964285714311,0.6031444769285176,False,56
39.452857142857056,0.5301420140022715,False,56
9.858928571428578,0.9206549466265476,False,56
68.2235714285714,0.14927337709194674,False,56
282.2723376623378,0.03235763066836714,True,18
-34.34928571428577,0.6856945374686223,False,56
42.71821428571411,0.3459666236456204,False,56
-64.56285714285696,0.17278926108395207,False,56
368.88666666666586,0.032029871624658444,True,9
171.95749999999998,0.25877624979370906,False,56
227.38749999999982,0.016400992905087446,True,8
-72.99035714285719,0.3472491408736354,False,56
12.12214285714299,0.9367833905577376,False,56
733.9130000000002,0.042525551734354884,True,11
-28.20035714285723,0.7001346175323467,False,56
-108.54607142857162,0.09929495521275972,False,56
-82.31285714285764,0.27682989125400603,False,56
28.364642857142826,0.7293642030826853,False,56
152.27064285714255,0.04662291231453469,True,41
-30.80142857142846,0.6649528488773552,False,56
-38.18714285714259,0.5684530056405489,False,56
-74.78250000000025,0.2635622907437778,False,56
-45.95714285714325,0.5432360871478812,False,56
206.90499999999997,0.03919813003812848,True,7
85.97642857142841,0.5745097425042031,False,56
152.40714285714284,0.32250076307286274,False,56
48.17107142857117,0.3929629650748481,False,56
-220.90142857142837,0.04869698245506912,True,9
65.55500000000075,0.28630148332903976,False,56
20.850357142857092,0.7414576246752415,False,56
-73.8046428571422,0.22497178231768733,False,56
-19.299999999999727,0.8130988283580692,False,56
1.0371428571424985,0.9894299643284563,False,56
5.168928571428296,0.9410619020845916,False,56
-6.176785714285643,0.9115271289296101,False,56
-18.193928571428614,0.7799324279154746,False,56
-72.7682142857143,0.2010604567484336,False,56
-140.86964285714294,0.38330359724148727,False,56
0.11464285714305333,0.9990019948513206,False,56
-257.7325000000001,0.03628119470237633,True,16
-345.04333333333307,0.04970563986237889,True,9
10.877857142856556,0.8749416694941451,False,56
-419.2866666666664,0.038273241845954556,True,7
67.02571428571378,0.45120711017598997,False,56
-36.00892857142844,0.5634647857125797,False,56
-223.0340000000001,0.03984979844701989,True,14
60.97035714285698,0.29341034567991103,False,56
-46.8403571428571,0.5136197154728498,False,56
26.063571428571095,0.6767644210081754,False,56
27.727142857143235,0.6123814127173007,False,56
-225.4862499999997,0.04219246100738028,True,16
-14.098928571428587,0.9268798838854255,False,56
37.514642857142235,0.5087454613863818,False,56
-55.81750000000011,0.42387898761976117,False,56
248.75035714285718,0.0993524755931193,False,56
522.7133333333334,0.04592308479574635,True,7
3.7582142857136205,0.9627631610646048,False,56
59.37928571428597,0.40755481700764,False,56
-105.00941176470587,0.045015946844747724,True,34
145.71919642857165,0.041816460099890033,True,30
-296.81208333333325,0.04716894716058482,True,14
-202.68733333333353,0.03228887116796028,True,16
-29.931428571428796,0.6609989176549443,False,56
30.4928571428577,0.653832907336005,False,56
-189.35922077922032,0.03886025959566902,True,25
104.96964285714284,0.4935078756389573,False,56
212.5961904761905,0.03469029284815875,True,19
-9.024285714285725,0.8843587245331589,False,56
11.300714285714548,0.9085008644644269,False,56
153.35928571428576,0.07223087282900532,False,56
12.512142857142408,0.8420371025051213,False,56
5.494285714285979,0.9226772954618363,False,56
-98.50464285714293,0.13416936384653774,False,56
30.367142857143108,0.6631083001547623,False,56
143.08627272727267,0.045863032343705576,True,21
-20.800000000000182,0.7202782164420848,False,56
-34.54071428571365,0.5457051682898371,False,56
-12.647142857142853,0.8393883278345025,False,56
35.248571428571495,0.6722679852252157,False,56
-23.293928571428978,0.7241218859254273,False,56
115.36607142857179,0.11071832828183215,False,56
-55.205000000000155,0.5065828206996262,False,56
-329.2825,0.04697493963944848,True,8
104.48535714285731,0.4910042445250068,False,56
250.0660000000007,0.03844101299748244,True,7
-8.172142857143172,0.8999663691788746,False,56
-12.280000000000427,0.8507583396178341,False,56
-88.20142857142832,0.27061392955849356,False,56
155.796086956522,0.03570851250139744,True,46
-50.203928571428605,0.49378997893484233,False,56
-55.834285714286125,0.4337863640283027,False,56
-61.058214285714485,0.4398692668160216,False,56
-6.453571428570967,0.9242919040000918,False,56
17.670714285713984,0.8076279002771489,False,56
-173.96788461538517,0.03911414427328022,True,25
12.25785714285712,0.9026846476897252,False,56
-80.5278571428571,0.2368072887813287,False,56
49.33642857142854,0.4846792614327029,False,56
-14.901785714285552,0.7949203392625614,False,56
1.0457142857146664,0.9848490273425714,False,56
41.788571428571004,0.5971197872631907,False,56
27.753571428571377,0.6930239565711654,False,56
45.011071428571995,0.39524344593502175,False,56
77.84071428571406,0.588883901590105,False,56
-316.79375000000005,0.036838406000337026,True,15
-118.17214285714294,0.08737417204279689,False,56
-26.557499999999436,0.667599168440219,False,56
-75.20785714285671,0.16617735019846003,False,56
-20.647857142856765,0.7415569144603807,False,56
66.37000000000012,0.6648884472124633,False,56
-22.776071428571186,0.7579867004955793,False,56
-43.67750000000001,0.44513842489416106,False,56
161.54746411483256,0.04628793174352122,True,41
-201.8914423076924,0.04172301298234865,True,21
32.382499999999936,0.6043308874687089,False,56
80.41535714285692,0.19223729773073395,False,56
-70.86428571428564,0.3146363944346523,False,56
46.703214285714466,0.4022758883134197,False,56
375.751,0.017896660015220063,True,7
-27.308571428571213,0.6431386510154028,False,56
14.772857142856765,0.844477325401964,False,56
306.7075000000002,0.047003566610537804,True,7
92.56714285714247,0.08520106685787156,False,56
378.6775,0.04544769707926055,True,9
-21.972142857143126,0.748943664250745,False,56
-26.2778571428571,0.7701583103085893,False,56
-0.3446428571432989,0.9962342183881435,False,56
46.73142857142875,0.5056847037185294,False,56
92.0135714285716,0.2616472214031799,False,56
-173.83124999999995,0.04463214594238808,True,51
188.77866666666682,0.03800109840370402,True,30
-51.60607142857111,0.37875845484485077,False,56
-40.284285714285716,0.5316733502751444,False,56
-116.66300000000001,0.04083650564875315,True,7
-67.79535714285703,0.29476166491418987,False,56
-128.87385714285688,0.045820462674687215,True,34
17.444999999999936,0.8256062373846011,False,56
-6.99321428571443,0.9109968310055098,False,56
-9.234285714286216,0.9027488209838753,False,56
-52.033214285714166,0.4901566746273852,False,56
8.21321428571423,0.900641531244458,False,56
-32.12214285714322,0.6389140724579171,False,56
-15.832499999999982,0.8142369619118315,False,56
79.8425000000002,0.1984402566665366,False,56
-36.616071428570876,0.519178600325756,False,56
260.7715538847117,0.029890023653363722,True,40
634.0900000000004,0.047653899389976065,True,24
75.65928571428594,0.22697952784375183,False,56
275.685238095238,0.030111919018276107,True,13
-33.298214285714266,0.5317311078663529,False,56
-25.010714285714357,0.7154128398825432,False,56
-3.007857142857347,0.9654080036144738,False,56
-207.59934984520123,0.043399746897090766,True,36
0.12642857142873254,0.9985428963510888,False,56
127.18035714285656,0.15562958391943052,False,56
3.7010714285713675,0.9470026610925049,False,56
-81.35357142857151,0.31857109552916557,False,56
-15.882499999999936,0.7933232947039447,False,56
-161.66777777777793,0.04355785481929825,True,35
187.6001428571426,0.03138774672417721,True,17
-7.611428571428405,0.9234374761436943,False,56
10.294999999999845,0.8889819456100979,False,56
-28.50321428571442,0.6984578296266764,False,56
80.15464285714256,0.23520250370245963,False,56
-14.977142857143235,0.8150858179855666,False,56
-298.3126666666669,0.03274449764986951,True,8
58.31285714285673,0.2769299326211435,False,56
10.241428571428969,0.8996397770410538,False,56
244.91420329670336,0.045825406926111874,True,54
15.151785714285552,0.7836803860999623,False,56
217.1983333333335,0.01992743143479552,True,8
-8.476071428571458,0.9378491336938941,False,56
-9.061785714286088,0.8493414947771617,False,56
-258.5397619047619,0.03645661250982484,True,19
-33.154642857143244,0.6468400165649997,False,56
25.88499999999999,0.7548305387417565,False,56
-295.6783333333335,0.023805433980292036,True,12
-106.86178571428582,0.13750603151230467,False,56
87.43214285714294,0.09887705509904414,False,56
13.686785714285861,0.8074309869250437,False,56
-17.337142857142908,0.8012290343774163,False,56
19.629642857142926,0.7638405142019394,False,56
-94.40035714285682,0.1641154549785693,False,56
-27.23035714285743,0.6775578722315816,False,56
37.7907142857141,0.6047481832949607,False,56
-2.580714285714066,0.9695882046249613,False,56
-20.94749999999999,0.8432388652454338,False,56
41.73642857142863,0.6924462407805847,False,56
-64.63249999999971,0.2859537026239435,False,56
-26.45428571428579,0.6365880134183158,False,56
396.4979999999998,0.00624489886880366,True,7
429.56500000000005,0.03247865007506103,True,8
143.1744444444446,0.04588065328159738,True,54
-59.44250000000034,0.33605036079025397,False,56
59.6807142857142,0.49612885875354434,False,56
-131.35785714285703,0.10382551729060993,False,56
294.56444444444446,0.03627093069461726,True,15
0.236071428571222,0.997261931736928,False,56
-59.89785714285745,0.3439438602615624,False,56
88.43464285714299,0.25970479571291993,False,56
91.35928571428553,0.16112037608138477,False,56
1.0703571428571195,0.9876990814559898,False,56
-13.286428571428587,0.8565521799259512,False,56
-14.23821428571432,0.8598871726461258,False,56
-102.60428571428588,0.10204031728527395,False,56
-33.42750000000069,0.5627125105952587,False,56
8.314642857143099,0.9100831893838459,False,56
76.0382142857145,0.348575519503435,False,56
-169.5807142857143,0.04377277917537454,True,28
129.54419642857124,0.0452827744349787,True,30
113.25357142857138,0.25808835623970405,False,56
-209.14529411764715,0.04480039228865946,True,34
39.830357142856656,0.5867222298211912,False,56
-177.7720779220781,0.04603386916447631,True,43
-24.293214285714157,0.7341680189169458,False,56
165.55916666666667,0.046434870765667956,True,18
85.86035714285754,0.2938397331599011,False,56
127.31973684210516,0.04977458616526922,True,39
-95.60642857142852,0.31725122441494835,False,56
31.588928571428596,0.6488412239809546,False,56
-34.6782142857146,0.7448498261776237,False,56
-13.015357142857056,0.8449838894036281,False,56
-41.88857142857114,0.5123263310649989,False,56
-58.18892857142828,0.30154945818122125,False,56
-179.3619318181818,0.042657739818826784,True,38
-164.11335664335684,0.04589074694521642,True,24
-37.72285714285749,0.5767405554530715,False,56
76.44857142857109,0.6272913422967359,False,56
4.748571428571722,0.9495488799855385,False,56
-206.08976190476187,0.03682947887007127,True,19
147.20035714285723,0.342453415284849,False,56
62.13107142857166,0.5383763258589052,False,56
41.76464285714246,0.5638228536777737,False,56
25.81178571428609,0.8116202114644435,False,56
26.915357142857147,0.6986452905670385,False,56
-72.49642857142908,0.3935314682790244,False,56
180.03055555555534,0.04363919631513341,True,36
50.582142857143026,0.3802483302170117,False,56
13.073928571428723,0.7557133016865085,False,56
27.686071428571267,0.7344250353085484,False,56
-36.09500000000048,0.5872144651304566,False,56
-244.63190476190448,0.04597603536342957,True,13
41.57857142857165,0.6116644489282184,False,56
-161.32367588932811,0.04582378692836898,True,45
93.27607142857119,0.1282334025368039,False,56
250.9575000000002,0.03643672506742162,True,16
57.608571428571395,0.46272535649934493,False,56
95.05678571428598,0.09111888359138243,False,56
-187.95071428571396,0.030934502806205248,True,9
51.45678571428584,0.3619431261415498,False,56
-477.6288461538463,0.03531360578722033,True,23
43.813214285714366,0.5182862605881329,False,56
49.791785714286334,0.5890148637895055,False,56
94.44250000000011,0.10068795055387586,False,56
-317.22366666666653,0.029884716846922815,True,11
-165.16181818181826,0.03903299634960018,True,22
384.7694999999999,0.03612996166157032,True,13
-84.88107142857143,0.5790663564306422,False,56
712.7686666666666,0.04582282470557846,True,8
7.488928571428232,0.9131641631445311,False,56
33.61642857142829,0.5878190357489467,False,56
42.4571428571428,0.6637981121809734,False,56
18.17857142857156,0.7400740030818483,False,56
-6.923571428570767,0.9099817260694121,False,56
35.783214285714394,0.575739089023508,False,56
27.071785714285625,0.7282357874126734,False,56
40.02285714285699,0.8046000035763737,False,56
-34.49821428571431,0.5529012825999323,False,56
223.5479166666671,0.043005675921970264,True,20
28.417857142856974,0.6005943577897975,False,56
-166.7842105263162,0.03224650773668825,True,38
-7.636071428571313,0.9148498231834863,False,56
-105.67857142857133,0.07694962879364314,False,56
-0.48000000000047294,0.993939037606867,False,56
29.388214285713957,0.6243067696477291,False,56
-151.6508333333336,0.048541171930967485,True,24
-105.6574999999998,0.21106707457034737,False,56
39.03642857142813,0.5634471959901037,False,56
-9.032500000000027,0.8703393488773273,False,56
-46.53392857142808,0.499673739775727,False,56
-108.65321428571474,0.14069968938267174,False,56
119.97107142857135,0.13365078762392998,False,56
12.94535714285712,0.8570371841466004,False,56
82.54321428571393,0.2809898814966986,False,56
-52.4978571428569,0.4369337372030116,False,56
127.14025362318853,0.04643918624581401,True,47
-235.19000000000005,0.04642644086435509,True,7
-243.2973333333332,0.014063653152642682,True,8
-289.66803030303026,0.028139267154906646,True,17
23.801785714285643,0.7018309631219363,False,56
