effect,p_value
14.356428571428523,0.7575377923109752
27.495357142857074,0.7744483066085094
24.5278571428571,0.8838531030164788
-85.46178571428572,0.3390749765565789
-75.35714285714266,0.1255001170653544
-50.15142857142837,0.2173629346897174
-35.75250000000028,0.2318857874513048
41.916785714285425,0.4520849759223771
23.154642857143017,0.7682289368081369
-142.4475,0.49624167789610546
-76.08857142857141,0.13493552342410536
-181.90678571428566,0.029079467442578437
-7.685357142856901,0.9133139444722047
91.27285714285722,0.34683777129006627
42.26178571428591,0.33735703608843737
68.86535714285719,0.08171440286884495
76.44285714285706,0.3901962986456755
106.34571428571417,0.26446404809089485
29.885714285714585,0.562257780030247
106.34178571428583,0.11653839010822639
-267.1671428571426,0.3981366819671944
16.38178571428557,0.8646812034075012
-110.4192857142857,0.359175825695228
-6.586785714285725,0.9101549605612762
-87.74678571428603,0.4283702344037277
-158.26178571428545,0.0678188103116618
-7.898928571428769,0.9387961069788716
9.744642857142708,0.873671643109366
187.3242857142859,0.24543170806758022
-17.29142857142847,0.775644006216677
-88.10821428571421,0.31796392037900245
-32.01142857142872,0.3858114252046977
-43.715357142856874,0.5513284798682531
76.90857142857158,0.3079851414456359
25.816071428571377,0.7875956054322943
-63.71499999999969,0.11577316350498809
37.26821428571429,0.6666800016669524
-51.0346428571429,0.5921909600115821
41.014285714285734,0.7481437330486228
83.73821428571432,0.2956091363337331
10.992142857143108,0.8712860323929119
-43.89964285714291,0.6797614203585166
231.8532142857141,0.41890864275103273
12.287142857142726,0.7917380192400003
-85.0507142857141,0.3771636330477741
12.747499999999945,0.8521424662295959
-66.94392857142861,0.1358442312348462
-114.74571428571426,0.14441275958427993
-121.31857142857166,0.20018995505895096
33.877500000000055,0.5204031925531548
56.38499999999999,0.24837284264852355
-33.10928571428576,0.7031662920471483
51.17571428571432,0.4003975065915814
75.22571428571405,0.503678994132492
-72.97750000000019,0.4782817700547798
-4.3660714285715585,0.9551206498580324
-52.12785714285701,0.37427461555329444
-49.74749999999972,0.3320566067724336
32.03500000000031,0.6267636801079391
-56.78071428571434,0.5814432904033364
31.216428571428423,0.672923335751698
-70.17821428571415,0.31689595117126207
77.63392857142867,0.2112240685673434
38.33999999999992,0.6143145035443196
-42.429999999999836,0.5714485782218026
-11.366428571428742,0.8546897395990668
91.99392857142834,0.386767513399961
179.7885714285717,0.053255418766848125
19.99392857142857,0.779946725136099
-2.9224999999999,0.9332386210894228
-168.7064285714289,0.12355068125880722
-7.690714285714421,0.9327850136237548
57.728928571428696,0.5560781193602737
11.221071428571577,0.888759151159129
-33.083571428571304,0.4924985784893276
4.192857142857292,0.9193159558238901
-47.414999999999964,0.37223637886601196
24.55178571428587,0.7493197007875559
48.40178571428555,0.6668779147531345
39.098571428571404,0.6338248202594129
211.2285714285715,0.4842654968715016
42.03857142857123,0.4795600059648388
279.5510714285715,0.4146076103557423
-50.39535714285739,0.3750800255992031
-14.74285714285702,0.909589826513394
-19.50857142857126,0.8582793034372097
-21.083928571428714,0.7148733719167676
-60.95678571428584,0.2754143146884533
-69.90999999999985,0.3653399670941069
-12.409642857142899,0.8057987834117469
-32.753214285713966,0.6902025236845459
-5.385357142857401,0.9012035094902351
200.44535714285712,0.19546566515870004
-102.90464285714279,0.5077446609379865
-66.8614285714284,0.444288134439244
10.161785714285998,0.8516839032942741
175.09678571428572,0.14495630874741036
36.01428571428596,0.4986205673634095
-60.450357142857,0.35881839163686263
-120.33249999999998,0.10197418763344548
10.038214285714275,0.8027753212249888
-6.562857142857183,0.944102186235765
-112.61749999999984,0.47007265834459533
25.683214285714257,0.5645778922383756
8.776785714285552,0.865395392117744
50.33892857142882,0.38913980457527336
-179.7367857142856,0.0030709116842387906
115.64035714285683,0.16461315355721376
49.77285714285699,0.3330364027890576
26.948571428571313,0.6495398476793929
-77.11714285714311,0.39369377476356365
28.348214285714448,0.8808940506740074
-13.455714285714294,0.9036702250709161
5.05142857142846,0.9686944515200545
-48.67178571428576,0.7778183918361428
27.388214285714184,0.4661045047311847
89.18214285714294,0.2570998667994521
55.79821428571404,0.22117086883658815
107.67678571428564,0.06496685367455847
4.72035714285721,0.9210443597344676
74.0414285714287,0.140429165351686
-116.1460714285713,0.00810156621145134
57.586428571428314,0.45027418803655084
46.49642857142862,0.36733944750279685
-63.996428571428396,0.49847542609451617
-98.16357142857146,0.28526972964981717
22.884642857142808,0.5216735275428721
-10.01107142857154,0.912531936549805
49.69107142857138,0.5217135920794562
-14.696071428571486,0.5352249819656536
-17.187142857143044,0.8716818579821508
0.6560714285715221,0.9934701007129424
-101.5728571428574,0.20711184668497912
10.418928571428296,0.8734539414112464
-42.892500000000155,0.4008646774457399
58.898928571428314,0.1548263204112782
83.30035714285714,0.16957899822778078
21.77892857142865,0.5872559046681164
-27.182857142857074,0.5383630624926069
-60.72035714285698,0.2569220755292073
59.68642857142845,0.2790467226879989
45.55285714285719,0.48373335803316647
6.997499999999945,0.8893138711294747
27.21178571428618,0.6345421686457641
-6.619642857142935,0.9233849995524092
73.07500000000005,0.22764821766916676
69.3885714285716,0.6871191435430417
-15.111428571428405,0.7542724851134885
92.66928571428548,0.009909382702294856
35.013214285714184,0.32786928821280076
-2.3203571428571195,0.9674541771768355
69.87428571428563,0.4569622811876775
-36.894999999999754,0.6862073883651876
67.40714285714307,0.6786167299390223
20.353571428571286,0.7589285139106281
67.24142857142874,0.29858347232861765
-8.682142857142935,0.8520155624062585
40.87607142857155,0.5644839695740959
30.09821428571422,0.6675105776004335
-19.44428571428557,0.8407456215802005
76.58785714285727,0.5680756389100916
73.37357142857172,0.43284973536182536
169.52678571428578,0.4004128472866711
-15.870714285714485,0.7687871497466229
54.13392857142844,0.6498657459647987
-19.233928571428578,0.8211758477010944
-333.56607142857115,0.2336874580201501
123.64964285714291,0.6826978950223799
-108.97678571428605,0.3770760997083733
-87.57964285714297,0.20167897515773944
35.49749999999972,0.7317442137293667
168.81821428571402,0.1462147825122615
-37.62357142857127,0.3423780900422367
13.13892857142855,0.8695439588880093
71.17857142857133,0.48914290850727604
-34.833928571428714,0.22736084168165557
38.970000000000255,0.6322673802588707
151.7696428571428,0.3242181873936913
-30.647500000000036,0.6082259647057061
-33.922500000000355,0.4831763126395728
-4.841428571428423,0.9172320404185578
-69.44285714285729,0.18577643559010193
53.74357142857116,0.3729002720386926
118.41571428571433,0.034367364019298345
-26.671428571428578,0.7572736365274415
62.92571428571432,0.04961369291512465
-10.081071428571022,0.7877465573067292
67.34214285714279,0.20096004839728526
-37.023214285714175,0.4580208288578188
133.67714285714283,0.19879144981506658
33.06035714285713,0.8380356203621033
46.98000000000002,0.3612307145316713
-65.9885714285715,0.29580467268534294
-58.944999999999936,0.14930199317175294
-48.31857142857143,0.21941313707969626
-91.16607142857174,0.3652054903703491
71.42071428571444,0.3300471475592722
68.05142857142846,0.4661468720595561
-98.38357142857126,0.6743468054276526
54.76499999999987,0.3514814686917802
-50.35607142857157,0.2819236054226096
-130.44678571428562,0.22488191693582604
-21.23142857142875,0.5846820821719582
6.5417857142854245,0.8979975371575598
-14.142857142857338,0.8138702792500414
-17.452857142857283,0.770021966263809
75.0789285714286,0.16631238734003356
107.67678571428564,0.06496685367455847
34.225714285714275,0.7396263054636654
18.257500000000164,0.8441282148353219
85.32464285714263,0.14172918755101632
85.87964285714315,0.07860070119706529
28.166428571428696,0.5698842650888155
59.25607142857143,0.6534091245054439
-78.58642857142854,0.29277809999711435
29.36035714285731,0.7961946302549034
46.42714285714305,0.493411509100683
-8.409285714285716,0.8995117910989138
-191.6035714285715,0.023251124555992937
20.281428571428705,0.6196861705220689
-111.63107142857143,0.37926231362661883
123.82999999999993,0.1931804036803923
-87.59035714285733,0.09149085849654519
49.14678571428567,0.4376598872588949
-8.939642857143099,0.89064925462275
26.052857142857192,0.6162276912088598
-25.535357142857038,0.7624758078189974
-18.876071428571322,0.521968165284491
-68.82464285714263,0.2564069957160836
67.13107142857143,0.20219701508332066
23.361428571428405,0.6443529756653125
-167.72321428571445,0.008987801051594281
-121.30785714285707,0.058878997320702266
114.89607142857108,0.09039390904831784
61.8982142857144,0.13145497086284275
-67.6432142857143,0.4805733224196623
-22.462857142857047,0.794820598489746
255.13714285714286,0.4324555718713281
37.369285714285525,0.5128139738383543
87.25964285714281,0.0045498300566882205
-0.7967857142857611,0.9922913543833592
51.89321428571429,0.5686855739842929
-15.845000000000027,0.8131054182764279
165.34285714285738,0.08474354486309389
-28.034999999999854,0.6105574743482186
-88.69392857142839,0.034093710750497705
30.754999999999654,0.6432488991131579
-42.78571428571422,0.43805519722682845
-38.63464285714281,0.5495699949499259
76.06892857142861,0.3824891855620117
87.42785714285719,0.44168929079829894
78.58892857142882,0.09829714320176305
21.211071428571586,0.685798848073033
-31.483928571428578,0.45972819034131196
-85.83821428571423,0.03450605710603621
145.58500000000004,0.06212331204183495
33.75357142857115,0.5605138366942226
106.45571428571475,0.6573489901296917
-49.90642857142848,0.6930860603759977
31.772142857142853,0.6995801364139244
-31.11499999999978,0.5942629307881877
-279.4596428571431,0.34513621993494076
103.29035714285692,0.25072207268953717
79.41750000000002,0.5471953518581624
69.98107142857134,0.3154407925492889
-103.4432142857147,0.49953882041274467
-88.54500000000007,0.34318121707915755
-48.68678571428518,0.5920134511163196
-4.754642857142699,0.9042833532559933
-81.5414285714287,0.4411921410355549
114.83428571428567,0.04810103783166204
49.28642857142836,0.44151875008537395
-5.635000000000218,0.9474067583953211
-117.42964285714311,0.27017154769266194
30.689999999999827,0.5741937208509077
-136.51464285714246,0.03313575794748197
-22.9571428571428,0.5362397954452296
-46.29999999999973,0.7621500228155346
-8.685357142856901,0.9315724198088713
-96.63035714285684,0.29633268447008093
41.331785714285616,0.6558205464311043
39.55500000000029,0.6568072593784889
-80.80249999999955,0.42784963503999845
119.42321428571427,0.061455108431112855
-204.60071428571405,0.5259589069191615
33.2696428571428,0.5644973196656625
33.44749999999999,0.4030192455697189
21.855357142856974,0.6645581063508166
6.587857142857047,0.8751176797309469
-93.02142857142871,0.3474243695297044
-160.7064285714289,0.20731264822846782
24.696785714285625,0.6311869140573192
17.768571428571477,0.7136099755269332
-51.25392857142856,0.4831016557166884
198.1971428571428,0.0765898877381994
-3.928571428571786,0.9367356353731895
13.498214285714084,0.8566067630979146
-41.305000000000064,0.4434093488168025
31.257500000000164,0.7870063938479254
60.308214285714485,0.5362671084318675
300.266785714286,0.07065562818289554
-74.71214285714268,0.24227389285268217
-66.51678571428579,0.4026819895436231
-125.98607142857145,0.4066458952673124
41.96571428571406,0.5952626691968149
54.262857142857456,0.6681845142248516
44.6482142857144,0.5688328040817768
-2.853214285713875,0.9524269703272947
26.39749999999981,0.7543072112306559
57.01678571428556,0.6547573596795256
86.00071428571437,0.1275323780330636
-21.538214285714275,0.5844712472628399
31.515357142857283,0.7587302250459723
51.906071428571295,0.5644236787414758
-49.15821428571462,0.5724290680925074
-271.00142857142873,0.3514303957975286
-41.023214285714175,0.49639810586984595
51.73892857142823,0.5597245785214363
48.05964285714276,0.5390517797962895
27.702142857142917,0.695035640135733
-61.52464285714291,0.6437724969815732
23.1296428571427,0.7801741248783557
161.22892857142847,0.15415722598127019
-157.07678571428573,0.3418856345524157
-14.202857142857056,0.8077514952052349
158.87642857142873,0.039400760409616174
68.42142857142858,0.11432890441254802
-19.308928571428396,0.7022263019411518
-84.40321428571428,0.32421492418078746
-33.12607142857155,0.6820786742819404
64.70464285714297,0.16007216434395707
-174.03250000000003,0.01645742566606922
-111.50785714285735,0.1562677106365751
-55.775357142857274,0.4182383268125949
-0.15857142857134932,0.9972841442694947
-10.487142857142999,0.864836068837268
38.77035714285694,0.6308048293357111
117.01892857142866,0.013499676841707482
100.51928571428562,0.19147853120505212
52.14071428571424,0.3828875562220922
62.75571428571402,0.2771391019296361
-45.59607142857158,0.6094493866182145
35.451785714285734,0.6395535785796974
54.426071428571504,0.3164679059025342
-11.402857142857101,0.848876211568357
-235.31321428571414,0.08261132150321783
20.84821428571422,0.6377396909313482
-105.0657142857142,0.3213989939932049
33.13750000000027,0.25456978062621444
113.7567857142858,0.16393821387372168
23.342142857143017,0.5808797488242553
-144.92285714285708,0.07003875043779147
369.01857142857125,0.09661862738977503
61.50142857142873,0.2671463683295016
91.08035714285666,0.0646853339571358
-37.600714285714275,0.7830136270386772
-49.999642857143044,0.166389274259581
83.29321428571393,0.18448582222234788
13.216785714285606,0.7702587179340328
10.708928571428714,0.869964442035975
46.75714285714321,0.6259342725955919
39.5196428571428,0.6893713283075114
24.9096428571429,0.7387517452086545
43.01107142857131,0.2786177731367177
-48.271071428571304,0.7259671224808308
-53.850000000000136,0.6720349709258262
9.53142857142825,0.8242007427235499
-43.66535714285715,0.4982799708133008
71.88749999999982,0.47070407576759005
57.73178571428571,0.13344023375492262
-57.423928571428405,0.49262912771423545
-78.10357142857151,0.428168678931199
19.650714285714457,0.8022860081063231
-381.17178571428576,0.22648977916304475
-50.54678571428599,0.23400765332395548
-22.827857142857283,0.7872310635801905
-20.631428571428614,0.8152143973506841
-19.15785714285721,0.7491685524767127
-76.44285714285706,0.3901962986456755
55.39178571428556,0.287288520736275
-15.162857142857092,0.6896769234850193
108.54321428571416,0.2760777476301794
43.049999999999955,0.4316255855637662
-149.29035714285715,0.2501655699212626
75.64178571428556,0.14162465145956504
-27.73285714285703,0.6095129453595802
61.470714285714166,0.6688776938645596
339.2882142857143,0.30295185456275003
68.12642857142873,0.22646072578339346
26.94249999999988,0.1747236682687967
71.0482142857145,0.1989382618550735
-113.41535714285715,0.10565095722642881
-167.1810714285716,0.09016363207358777
18.224285714285543,0.7484417839455118
-86.33392857142849,0.30524623154432595
96.0174999999997,0.011191329588396567
124.26571428571447,0.14928810345561186
-47.421785714285534,0.19152824612873343
-14.301071428571731,0.8510497969828273
15.420000000000073,0.820368090544075
77.70821428571412,0.19303806746799396
-108.27821428571428,0.13397609265970156
20.993571428571386,0.6509134195076381
-8.836071428571358,0.8868798133619519
-3.544285714285934,0.9611580640025865
-66.12428571428563,0.20569931075449044
103.30428571428547,0.18710884544688752
1.1303571428568375,0.9866632032591085
-40.076785714285734,0.5855452329459445
-50.330000000000155,0.17904524413081047
-107.32321428571413,0.013497830027149835
-73.42285714285708,0.22185619139034646
66.88357142857149,0.20159132141722783
267.5253571428568,0.3396668934138512
-8.960357142856992,0.820936285205122
-85.65107142857141,0.3299011246554508
3.438928571428505,0.9494311484403455
16.01071428571413,0.8414821116153255
-97.4028571428571,0.3086746682106097
51.03428571428549,0.567364153398974
94.33999999999969,0.30337316918013835
9.701071428571368,0.9142183757877489
-17.996428571428623,0.8322230879527452
-24.202142857143144,0.6006105199011647
85.64714285714308,0.47196935826213315
-42.58714285714291,0.437919775319311
7.149642857142453,0.9042185645205654
-12.081071428571477,0.845405290530007
-59.74571428571426,0.5605781586567419
58.62607142857155,0.23944907009666538
-29.50321428571442,0.5841991610335888
74.48749999999973,0.3020591901557058
-31.981785714285706,0.5661338207591583
-66.1678571428572,0.14539893464222012
-2.506785714286025,0.9637071499874893
29.205357142856883,0.6420957653745104
-186.74642857142862,0.19727005711615792
138.54035714285715,0.10341392974290549
-121.64000000000033,0.29083206899695985
-45.72499999999968,0.6983454876731017
38.16285714285732,0.502986711612901
89.69464285714275,0.12598130462447207
66.29964285714277,0.44304422513406355
14.76821428571452,0.8046863010300059
-169.147857142857,0.28670889619834605
-24.419642857142662,0.599795028107999
-87.80999999999995,0.20894867884764953
-39.24785714285713,0.6278054312495336
1.3446428571428442,0.9837699425485548
36.9457142857143,0.5427363135247063
-57.935714285714084,0.29509071044012913
-111.71464285714274,0.044641831862405085
-38.04464285714312,0.40006548675241554
23.789285714285825,0.6131497256865476
-6.108214285713984,0.7984575095554303
76.599285714286,0.2625564921326652
-115.76357142857114,0.0559828867046835
-28.810714285714084,0.6507394881992794
6.7589285714284415,0.9003098994823786
103.6385714285716,0.01942799737624455
19.49214285714288,0.8935913424682541
33.97714285714301,0.8378305991731747
336.335357142857,0.2657081581618908
-22.597500000000082,0.8485814075336282
22.06750000000011,0.5519805693550661
9.738214285714093,0.9132865951910127
133.6664285714287,0.14523363531686131
375.41892857142875,0.1183701995150094
-124.69178571428574,0.015672922067914742
77.27821428571451,0.5303794493132467
56.94107142857138,0.4740510175656723
-32.50607142857143,0.6225948193472061
112.24607142857121,0.058113586410039296
44.51678571428579,0.35881501321502346
-48.55750000000012,0.4789883885928366
26.842142857143017,0.5758472524517554
81.10428571428565,0.08596052667969414
-3.5907142857142844,0.9761156254138009
62.94678571428585,0.4618026948178652
44.69142857142856,0.5880309993972344
35.83750000000032,0.7164436220702146
-184.0871428571429,0.5660903775118398
176.57571428571464,0.056217860629156124
90.8321428571428,0.386555941535063
94.14107142857142,0.13456857541599088
-75.9457142857143,0.22220472246120268
53.28642857142859,0.4841857118014315
28.922857142857083,0.7655539445240201
-26.709642857142626,0.7919787143217427
39.77285714285699,0.18860282267193312
33.72142857142853,0.4927398555226201
30.85250000000019,0.620957927258554
-36.580714285714066,0.7071714801284895
-27.70928571428567,0.5197654808095845
11.074999999999818,0.8933403284147291
151.27571428571423,0.059271796792983125
63.78500000000008,0.44470637680372166
127.31071428571408,0.05450505797763314
-52.31750000000011,0.18111401248599218
-55.54750000000013,0.33377165665481057
-41.32035714285712,0.6336451096339973
-18.358928571428578,0.686258252026057
-126.89642857142871,0.0872575673846766
-49.31678571428574,0.5656497590501499
-116.76285714285723,0.03712016991773772
223.85857142857162,0.06077039621455887
50.672142857142944,0.4905364197454959
-63.68428571428558,0.41464771458023025
-33.970714285714166,0.346502777850984
-78.16785714285697,0.1341389081329994
-12.68249999999989,0.8569874825533974
-34.77035714285739,0.6431829582287252
127.68964285714264,0.151669086460722
-38.07285714285695,0.6196862366691298
-28.59321428571411,0.48109973078824525
-0.3096428571427623,0.9952977242594252
41.789285714285825,0.6209497659447782
26.420000000000073,0.41967445664071884
-29.896071428571304,0.6440304324450055
1.462857142857274,0.9862939031967944
-12.711071428571358,0.90172017069504
-40.02107142857153,0.5367278065016178
64.30392857142851,0.27063541336166685
142.95821428571435,0.2066715472838139
1.4174999999997908,0.972073650278487
-123.82999999999993,0.1931804036803923
58.48464285714272,0.5192386866800515
-77.4375,0.18863559200005622
-59.701071428571595,0.3314914443284306
-9.235000000000127,0.8399137499048042
-28.600714285714503,0.6185001081346835
76.35285714285692,0.4032641808676237
-101.58035714285711,0.2154226578365774
48.80964285714276,0.3816072236528441
88.54500000000007,0.34318121707915755
-55.59321428571411,0.3686324911978927
-2.2610714285717677,0.9723483814718948
-39.47357142857163,0.5590269877846638
-21.806785714285525,0.6678626584589179
62.075357142856774,0.5167498925584763
-212.02142857142826,0.16570258513233388
-25.380714285714248,0.6096383718361312
158.25107142857132,0.10345475222303048
39.70964285714308,0.7428628399270194
-41.66249999999968,0.7130936899393229
265.76821428571407,0.26901161386034494
-24.267857142856883,0.7510918309999615
194.32964285714297,0.09033723208832257
-83.32571428571464,0.042340558717328856
-193.5460714285714,0.4046426064354075
30.138928571428323,0.5017061331722933
-41.27892857142865,0.5822777243243378
-11.215714285714512,0.8343610792063649
17.713214285714002,0.8942809543498899
73.38964285714292,0.24971366027704087
37.20642857142889,0.5362483735853394
-36.06142857142868,0.5164905769469849
-14.145714285714348,0.8926841167345994
114.11464285714283,0.1928962742872223
-87.06678571428574,0.3102248656087448
-0.40464285714301695,0.9948368890528425
-77.78071428571434,0.2832136443124034
-99.76071428571436,0.5302756066203316
-27.49000000000001,0.7369528793627468
-1.4253571428571377,0.9849267393883442
-78.86607142857133,0.3190736124718772
-18.0521428571426,0.7663444556574898
-78.67178571428576,0.44275979141818095
-37.992500000000064,0.6747643231648768
-16.202500000000327,0.7393438602020304
-77.78749999999991,0.18837429430791364
-10.51392857142855,0.8452474036861447
32.36178571428559,0.71021414851652
56.78071428571434,0.5814432904033364
22.615357142857192,0.8296253743836722
-26.05607142857116,0.47848378504059386
82.30142857142846,0.09440473841336824
7.967857142857383,0.8794212033143484
85.03285714285698,0.09895405607613107
16.340714285714284,0.7845005735408388
31.70464285714297,0.805226365706414
202.66642857142847,0.06656163807271162
21.38892857142855,0.6906708628670547
-18.92785714285742,0.8011469913888829
28.001071428571322,0.6250233870358018
-45.869285714285525,0.12162397798311109
-99.33000000000015,0.1417210671368881
154.45964285714285,0.01132857049306201
20.020357142857165,0.5861862547617164
8.216071428571468,0.9397557389492313
19.299999999999955,0.8317265014250947
-37.297142857142944,0.5895651090478397
21.53071428571434,0.7913553883819864
-32.05785714285753,0.6187358446967689
63.72714285714278,0.4315050516172548
189.13357142857149,0.00881816906763848
103.62214285714253,0.22276663584471437
311.3653571428572,0.2944029398018952
31.641428571428378,0.5049308681087483
114.92214285714294,0.2394626764264085
-159.39642857142871,0.015328367414748387
-31.04964285714277,0.7290576674115264
-0.7392857142854155,0.989655780608238
-20.07428571428568,0.8478994187900536
70.4360714285715,0.07390907757598314
-74.5521428571426,0.22180642582196655
9.539642857143008,0.9316747672605122
-53.34999999999968,0.4602013658400917
-106.84892857142859,0.03957310173085194
-88.57571428571464,0.5782247178802523
-125.79071428571433,0.3598937883402364
9.361428571428632,0.8145859689083104
23.63107142857166,0.6055827476496075
234.35107142857146,0.493793746145614
56.09642857142853,0.5662486953686349
-86.32214285714258,0.32666140888552625
-364.5064285714284,0.26406340737308054
-0.7328571428570285,0.9910455112457568
10.892142857142744,0.8161555955102204
-354.76392857142855,0.2386019911855912
-49.458571428571304,0.3408980618905098
-6.237499999999727,0.7713639316871385
45.14785714285745,0.49866831990346994
39.04392857142852,0.48178185854907357
168.82821428571424,0.3817157875156809
98.57249999999999,0.13115784872886022
50.29714285714272,0.4507816453565451
-2.6039285714289235,0.9747584508713162
23.18142857142857,0.6352547739469099
32.576785714285506,0.6738506702043549
-60.173214285714266,0.39328871640658586
74.22035714285721,0.06951047969056197
-2.328928571428378,0.9772156825206848
-21.48107142857134,0.8253930524246458
55.458214285714575,0.08733857021136995
-14.887500000000273,0.8480135613500062
-75.18571428571431,0.49255112430751286
22.891428571428605,0.5206864511039392
66.03035714285738,0.3023565077976159
93.40571428571411,0.07967030427515988
56.803928571428514,0.25625087627304693
9.618571428571613,0.8612548921577956
-131.78964285714278,0.35339205240671323
53.61892857142857,0.3931755870701567
82.58857142857141,0.18701094361253026
120.57249999999999,0.19011152995523767
41.89964285714291,0.34145432671461873
-29.21714285714279,0.7913573000818341
69.18607142857127,0.6274494731501719
42.5857142857144,0.6940550612834573
-38.00357142857183,0.571606700635243
41.36857142857116,0.617056336004696
44.53500000000008,0.4900799242325873
19.324642857142635,0.6900597512284923
-107.93392857142862,0.20675624514454138
-28.82642857142855,0.8077533191510244
-53.00142857142873,0.15213011017068417
-30.116428571428514,0.6748567528107038
196.38964285714314,0.19508122205824951
-57.357499999999845,0.6368895659392654
58.9607142857144,0.5385775117633722
-30.299999999999955,0.6738153871990314
-36.0557142857142,0.7401625183735587
17.66392857142864,0.6127489872849607
126.0067857142858,0.16122090930871327
-88.77749999999992,0.2711929976499475
-123.51571428571447,0.2500060320815032
-41.73714285714277,0.43433716780652437
-4.381428571428842,0.9439040330686089
61.50857142857126,0.3204147363009651
-113.39285714285734,0.4687428905077569
-31.632500000000164,0.5460157780938822
80.89500000000021,0.4121859926860786
178.20964285714285,0.04836421636788125
63.960714285714175,0.2332064120733482
48.52107142857153,0.12937667693756144
61.5971428571429,0.49872802455988285
117.07785714285728,0.18326722264124132
-91.075357142857,0.055142402598429625
32.23071428571416,0.584944147198546
-17.441071428571604,0.7069303333827764
-11.744642857142935,0.9425992989378466
36.49571428571426,0.7616842736647793
-54.722857142857265,0.39286596326732487
13.052142857142599,0.7795400691811817
-17.22607142857146,0.5820076985899801
122.03964285714278,0.05435742429316588
16.291071428571513,0.5635749490786037
70.50178571428614,0.29820143921292586
-30.25785714285712,0.4713277337028545
-57.62142857142862,0.2741653683574493
54.34535714285721,0.4458384303504559
27.01785714285711,0.5284339451090353
37.51392857142855,0.6734388454669764
88.69785714285717,0.2851227878124541
-70.13035714285706,0.36054473632390605
-72.14499999999998,0.20398187083243455
-63.694999999999936,0.5316842438459728
-171.56214285714282,0.020589314725972592
37.777857142856874,0.3161340751297956
-21.185357142857356,0.532510994615568
-55.01357142857137,0.2746661689612244
46.843928571428705,0.7637518322311404
-31.137142857142635,0.5632908454724768
27.188928571428505,0.5957490541424546
-72.52964285714279,0.452711668361744
15.222142857142899,0.7604480768829712
-79.37321428571431,0.13430387383725306
-233.7285714285715,0.021419248168105337
-41.67857142857156,0.5896137502296532
17.38642857142895,0.751493099123272
-79.95142857142855,0.15457860250411698
52.24178571428547,0.48573332312130696
-123.11214285714277,0.18992390258885197
-1.1014285714286416,0.9746991616085635
103.4757142857145,0.010390374129836467
-253.9032142857145,0.38977922922014235
55.87500000000023,0.3798261862102348
73.26285714285746,0.2325278230505789
-117.38285714285689,0.16588125923630018
279.5510714285715,0.4146076103557423
68.70892857142849,0.4939883744859482
30.764642857143144,0.7315192305250042
-31.44642857142867,0.4765192287763595
-31.514642857142917,0.3547408077894162
21.079642857142744,0.7846911914206157
-15.415000000000191,0.847429920300369
-62.6400000000001,0.33011334538836157
97.99892857142845,0.17031924749841187
-51.65071428571446,0.3006639771082341
119.89750000000004,0.29730146145347774
-28.133214285714303,0.5927643192533169
30.700714285713957,0.7782675753024336
-99.91821428571461,0.4295501561336372
3.1428571428571104,0.9619213025348196
-62.409285714285716,0.4021354470460654
41.77357142857136,0.4531970422689961
-160.66357142857123,0.040812513979619915
-31.128214285714193,0.7619703917205677
20.675000000000182,0.5966631411164701
-134.46107142857113,0.37366434277449145
94.10964285714317,0.25609338806714765
49.14928571428595,0.5434608915110118
105.16357142857146,0.22419693461620893
187.1692857142857,0.37303158276415366
-28.427142857142826,0.6660249793553631
80.85035714285709,0.3146020158588892
-10.01214285714309,0.8729076647461961
136.04214285714284,0.06851119991153437
2.7649999999998727,0.970187452250481
-23.268928571428432,0.722723082306646
60.093214285714566,0.1815630068657697
100.22714285714301,0.30734956130383795
-249.96000000000004,0.46015656065167326
-47.874285714285634,0.3991820462207139
34.08178571428584,0.623385669444324
-6.410714285713993,0.9524575182696389
-39.348928571428814,0.6574759453695749
124.15321428571428,0.1534365569047152
111.79142857142824,0.20151513376050068
-61.63464285714281,0.6913383563386936
-24.770357142857165,0.7287040192338232
-5.535714285713993,0.9288621415576355
-29.096428571428532,0.28932133891174344
-9.756785714285797,0.9277692409362444
20.530357142857156,0.7065170302152384
44.1492857142855,0.41809402450975114
-53.541071428571286,0.5607938739184927
253.09178571428606,0.3888949031652353
68.89357142857125,0.06286694556335502
18.076428571428778,0.6511703899358203
-44.95142857142855,0.4645203947646379
103.34749999999985,0.1548831503732178
88.07214285714281,0.12542045347700745
65.97607142857169,0.3217831125935388
172.59821428571445,0.5611644925895483
-62.18714285714259,0.31510355198599954
-11.942142857142926,0.752942722721936
63.217857142857156,0.48517663333388944
32.315714285713966,0.3186434989732607
-71.93392857142862,0.3575896427499672
-119.39392857142866,0.18289841692969092
-135.10249999999996,0.0035559298897211546
26.357142857143117,0.6130746637304888
50.619285714285525,0.6373471378870054
127.73464285714272,0.16172959278056187
-37.777857142856874,0.3161340751297956
-75.63892857142832,0.21528631130513134
-76.38821428571418,0.4335286398657387
85.16178571428554,0.33897093710594034
83.26214285714286,0.09841375939086099
37.46607142857124,0.1992138150191415
-5.2496428571425895,0.9217286088077448
91.90428571428583,0.5794187044145617
-37.209642857142626,0.483823106103605
3.8185714285716585,0.9516222328647429
-61.94357142857166,0.45952507449269075
-110.95964285714331,0.24500578545873644
-33.107499999999845,0.5980478686234808
171.9867857142856,0.12933534565381088
13.453928571428378,0.855851124090714
9.507857142857347,0.89641321110704
-38.15857142857135,0.5411660069676573
280.45964285714285,0.33577726089079774
-72.90857142857158,0.5392611027336109
27.139642857143144,0.7798415652285758
7.88464285714258,0.88537130961475
84.651785714286,0.3825644970358226
27.496785714285807,0.8914081985605156
-29.621428571428396,0.7490239773174064
-120.40928571428572,0.12727122603178395
3.823928571428496,0.9682503911361616
96.34285714285693,0.2381241968774807
-45.122499999999945,0.6282949281927055
-49.15107142857141,0.3515859377526601
0.31928571428557007,0.9921269774620699
42.99928571428586,0.5812848891693668
-111.32464285714286,0.1284697454557171
0.23535714285685572,0.9966748427506094
-33.06035714285713,0.8380356203621033
28.652142857142508,0.4953869328328784
-22.555357142857247,0.7993593622663296
-22.38821428571464,0.691283554396907
69.83821428571423,0.1444344867610287
-134.2946428571429,0.1732668550048312
27.639999999999645,0.7434887077361569
77.61357142857128,0.30985645150627317
5.005357142857065,0.960274473771115
-46.2199999999998,0.483813420287105
-216.94535714285712,0.5046629653920518
48.30178571428564,0.5429584365913026
-2.011785714285679,0.9331468519194173
-158.62071428571426,0.27252146430802554
5.554999999999836,0.9593271031099132
-24.903571428571468,0.7624995984076146
-25.320714285714303,0.6317400198903259
116.23678571428536,0.06036978848389426
29.92678571428587,0.6696634583596589
-128.42392857142863,0.016397367781957092
-4.283571428571577,0.9278925465467129
-74.02214285714263,0.4465427181870176
112.2339285714288,0.06557351895129798
-110.08857142857141,0.0543919175293881
86.72785714285715,0.42663506923451705
-89.55071428571432,0.08953641601569534
-8.633571428571486,0.8529561668077953
192.377857142857,0.03401981845182064
58.83714285714268,0.3775380008720987
71.53857142857146,0.3933875732809222
8.478928571428469,0.8615592952554446
70.05250000000001,0.4611283550669663
120.40928571428572,0.12727122603178395
-21.84642857142876,0.6342471210409941
-45.30857142857144,0.2143334601469059
-11.834999999999582,0.856074758499481
60.24892857142868,0.4019085494760613
-21.097857142857265,0.649694916784612
13.536428571428814,0.8148048252597023
-46.213928571428596,0.15077321615919825
8.409999999999854,0.9191102594970627
26.935714285714084,0.47540840214030317
-44.67357142857122,0.39505974560371593
92.28999999999996,0.14701429444611996
16.79678571428576,0.7587140049146307
25.45321428571424,0.5269458430020426
-303.8260714285716,0.1556275452220209
72.99821428571431,0.23303624300744535
49.61500000000024,0.38433243419201923
4.021785714286125,0.9510506630081004
209.71035714285722,0.15459190179435353
33.34321428571411,0.6591611755650475
-112.87035714285685,0.028182988442621196
-128.9382142857146,0.6700263466109359
-9.193571428571431,0.7497773711222683
19.570357142856892,0.774076593728838
-6.869642857142935,0.8452609519493728
54.73178571428571,0.6837904298996772
73.37464285714282,0.5254143689560962
-13.938928571428733,0.5612700259236105
-75.91535714285715,0.3842993371169779
120.39785714285722,0.05799467712996049
3.3339285714287143,0.976838711018694
-36.874285714285634,0.26897169951354905
59.48928571428564,0.536121981626353
-103.4210714285714,0.5087316823846821
-74.72535714285732,0.10289754039578661
-0.4228571428570831,0.9945815397228263
147.37678571428614,0.050557410492297485
-183.97464285714295,0.020255164870589554
68.26250000000005,0.2990025012264577
-48.54928571428559,0.3203470946485328
-65.1714285714288,0.4802000725922308
89.21678571428583,0.3463527589041035
58.24535714285753,0.21873233779392698
87.13142857142861,0.19078305958297825
-28.20428571428579,0.7697731526001107
-301.31214285714304,0.3193304762160607
-82.60607142857111,0.17419813947862986
-13.752142857142871,0.8215001455007449
-4.122142857142762,0.962541681142404
8.922142857143399,0.8093003966323569
-113.03571428571422,0.28105617349745315
-28.486428571428405,0.45462001505926664
17.816785714285515,0.8268348020157865
47.07821428571424,0.3195436796966684
44.752142857142644,0.4509066185010692
-115.36499999999978,0.27806751098163074
46.68071428571443,0.695026032598572
-70.54035714285715,0.4995549275552344
-124.36392857142846,0.07150059454746807
251.9239285714284,0.27193345762628
-95.83821428571423,0.37068567173961564
23.389285714285734,0.80892977069943
18.124642857143044,0.7566974533667037
23.89607142857153,0.6032798944516687
20.917142857142608,0.7997698052671657
-35.151428571428596,0.6830858329027389
-397.7960714285716,0.18108470663965762
-94.48535714285708,0.5484253986951169
25.245714285714485,0.7103710080297889
16.620714285714257,0.7755890785181767
-129.6017857142856,0.3294254906275527
-40.17678571428564,0.25217227352558386
19.893214285714294,0.8096258875766739
-100.50499999999988,0.19085132704569463
-12.086785714285952,0.6901858139860627
17.20964285714308,0.5253260224628068
45.37571428571414,0.6574282449763234
42.76035714285695,0.516479103536522
79.91499999999996,0.2298272166932491
32.12571428571414,0.6947381355507137
-25.486071428571677,0.7446206700806405
89.55214285714328,0.14340748359715563
11.495714285714257,0.8012097123199559
-21.231785714285934,0.6791807822509147
-1.3821428571425258,0.9796447869309822
30.858571428571167,0.6990520770045958
-30.150714285714457,0.6890233709561043
-55.53357142857158,0.3563550111314592
-26.652499999999918,0.5311412053444453
39.497857142857356,0.3350681436160752
-119.18000000000006,0.09741547619340866
3.518928571428887,0.9310175157430443
33.242500000000064,0.5724002909792179
-70.58642857142854,0.274313882299752
-58.05464285714288,0.5198272753537748
135.7139285714286,0.10364951074862382
36.42500000000018,0.36417495629510954
11.276428571428596,0.8593450178465872
0.6746428571427714,0.9933045818859844
54.837857142857274,0.5354654472392837
392.8392857142858,0.23237761461300305
141.28642857142904,0.18324382193624364
88.26178571428568,0.127919373839756
37.489642857142826,0.6601159925995879
47.94892857142827,0.6140271742984567
-39.462499999999864,0.20078025280736403
-9.560714285714312,0.8537478357098844
6.1042857142854245,0.9420137562711483
-144.6346428571428,0.3914321076623979
70.56857142857098,0.3057211837091498
48.2246428571425,0.5961817933891657
87.1957142857143,0.017111838508499046
96.54571428571444,0.4899239924156019
89.75571428571425,0.07547790964964642
-26.448928571428496,0.755002470383908
-41.40107142857141,0.6384222190719907
-4.771785714286125,0.9088331839407787
-169.58535714285722,0.12928928464097794
15.311071428571267,0.7348991733177948
-65.10357142857129,0.47002586027748405
67.34214285714279,0.20096004839728526
-52.345714285714166,0.47587014562552704
-21.45857142857176,0.7217691024450005
-45.34749999999963,0.6506664655718721
15.311071428571267,0.7348991733177948
-19.98107142857134,0.8660471614777208
62.42071428571444,0.2798941145325287
3.762499999999818,0.9564460746607489
63.04071428571433,0.2440936023073264
-398.098214285714,0.23315282237194135
-56.60714285714289,0.651545257802234
-158.62071428571426,0.27252146430802554
65.42678571428564,0.3452267996301407
30.202499999999873,0.5334850176198306
109.26857142857148,0.07745159979086234
10.826785714285506,0.8988190508544054
15.275000000000091,0.8656081353473428
-16.47321428571422,0.876428581876015
-167.85142857142841,0.29325961932520567
143.76535714285706,0.1482732077671939
122.00785714285689,0.22000156235277468
100.13642857142872,0.2502566056585398
-27.55678571428598,0.6589488091184803
3.082857142857165,0.976932236380361
-74.5210714285713,0.3780752315267832
-50.57428571428545,0.1188474949897686
-136.61249999999973,0.37350150720447983
-19.375000000000227,0.8142359360720443
27.505714285714248,0.49679934987181523
-169.8950000000002,0.0634527678647412
36.143214285714066,0.5818142692003728
15.53107142857175,0.7750981538564142
-29.63678571428568,0.6723786046757557
-79.09892857142859,0.12324722771203289
37.488928571428914,0.5084447314662391
-174.83571428571395,0.004699025515394863
-342.4875000000002,0.25815693066627987
-173.0821428571428,0.05847420755701235
40.87071428571426,0.4854050050556954
31.89464285714257,0.5912607093038389
0.010714285714129801,0.9997518366570756
-1.500714285714139,0.9818304148047666
-63.65571428571411,0.5346699436576754
-22.09607142857135,0.7943995081328291
40.79857142857145,0.5321961297040979
8.033214285714166,0.8349560217164437
46.114642857142826,0.6714938888104656
46.18214285714271,0.6810164151128791
-21.331785714285616,0.7826400728264564
76.67785714285719,0.19887765822368933
-27.52500000000009,0.46042267722087915
98.2349999999999,0.3013687317987997
-5.3214285714284415,0.9290423282288356
-39.74142857142806,0.5355662670019437
13.585714285713948,0.7989202344205768
-9.706071428571477,0.811487288026438
-41.40214285714296,0.5248150995922707
401.64750000000004,0.09046682443152307
94.6875,0.29904380733595054
-3.703928571428605,0.9472285215824212
-254.90071428571423,0.11404186001374357
-20.829999999999927,0.8092738261522583
-11.18428571428558,0.8206745197336646
-33.82214285714281,0.7082129084882239
71.00464285714247,0.3655320437447592
-90.08285714285694,0.2492892878763071
-54.21178571428595,0.3115044943708905
63.09750000000008,0.5290066389739907
98.4157142857141,0.18067202686487074
-39.368928571429024,0.634476749483319
-34.36035714285731,0.592337882891939
37.022142857142626,0.6752933938352945
47.25500000000011,0.5046342515263902
67.0625,0.4767924118695021
17.480000000000018,0.8796956201753902
-39.305714285713975,0.5968850970818872
-61.249285714285634,0.248905806977087
39.759642857143035,0.6896880398128005
182.03928571428582,0.04766927487370808
-22.584642857143308,0.6190474254545557
170.70321428571424,0.37142249822618795
-14.229642857142608,0.7777053856792091
-20.20892857142826,0.7101959646055175
9.893928571428432,0.9122821360735349
8.03357142857135,0.8913462435082751
138.75321428571442,0.10793687591132653
-32.93928571428569,0.5836495389006772
-13.395714285714348,0.7543726922287372
215.5242857142855,0.023856315328660452
-11.09357142857175,0.879316028804199
-67.49000000000001,0.2690070491153242
-62.00071428571414,0.5102951559118535
-18.11607142857133,0.6881939314525395
-14.102142857143008,0.9285242499666528
15.962142857142453,0.8061227726689688
-26.92428571428559,0.6416435797386774
-123.62214285714299,0.027718267137858178
67.99607142857121,0.6788547804368993
-90.09714285714244,0.27727814837084025
43.63785714285723,0.51374590571899
36.91535714285692,0.3936358264405376
-7.020000000000209,0.9405617626027252
43.10499999999956,0.5218298458247055
25.129285714285743,0.5569274940950626
-32.57500000000027,0.5760677405020482
80.77714285714274,0.129671085610593
24.83464285714308,0.43650314527266587
46.898571428571586,0.499762581578971
17.826071428571368,0.9344326422056564
-33.05321428571392,0.45328649210702154
56.690000000000055,0.5033908049867413
11.19857142857154,0.8160582414885555
-46.79928571428559,0.5896881164849668
17.464285714285552,0.47217941065283453
-110.35214285714301,0.04393731344106554
11.239642857142826,0.9152447291946442
-29.3471428571429,0.6745761647393871
-32.32178571428585,0.33159930070999283
-57.64785714285699,0.2523256243523973
-37.28571428571422,0.37165545409558226
-33.86392857142846,0.5669052570741385
-27.139642857143144,0.7798415652285758
-46.5474999999999,0.39923915438875707
74.49357142857139,0.07994118725684903
244.17178571428576,0.0004554353292870212
-13.927499999999782,0.8801838737507667
-6.800357142857138,0.8721018770515216
164.54107142857129,0.08903522271054412
-26.931428571428796,0.8228321745331684
-43.94678571428608,0.4033784672885067
129.98821428571432,0.18266305460900717
-59.192857142857065,0.23146934211576903
-51.22535714285709,0.2314641779627062
-51.895357142857165,0.1786988537144573
-16.364285714285415,0.7155796701701386
26.623571428571722,0.8053769755735509
95.57428571428568,0.10450372383187834
158.68285714285707,0.10242159032970288
14.76821428571452,0.8046863010300059
-35.03892857142887,0.6696338171260714
-39.368928571429024,0.634476749483319
41.868928571428796,0.3986475052683895
117.47107142857158,0.044674856579898566
-61.529285714285834,0.051933389565899386
16.508571428571486,0.8659374571468189
60.38392857142867,0.41984085797971515
15.062857142857183,0.8596963417605183
77.20785714285716,0.24776607345035714
-17.62607142857155,0.8264834261315543
-12.0625,0.8944355929698307
-2.218928571428478,0.9918355922921918
126.99785714285713,0.018499878891403896
-71.13928571428596,0.43283094600910743
140.64857142857113,0.21776467517370196
53.490357142856965,0.24722339871797253
36.88071428571402,0.873591622791435
50.59678571428549,0.5494159272661244
27.786428571428587,0.6125417754684749
-53.095714285714394,0.3425227546967882
-71.58142857142843,0.09945764988556205
37.83999999999969,0.6163332371456767
-148.09571428571417,0.06395691745231935
-229.41035714285726,0.5032414197459194
-104.75749999999994,0.2441984248016367
29.37071428571403,0.7491522378333584
21.99928571428609,0.6780249399538204
57.176071428571504,0.5457012606862448
61.82392857142872,0.18612493172189404
62.70821428571435,0.29570717403462127
44.65178571428578,0.4097970922950473
-11.069642857143208,0.9254245223030217
-13.349285714285543,0.8144796332844502
-34.2546428571427,0.7408644782125927
16.717857142857156,0.8314255200959708
26.37857142857115,0.7102019414675618
-86.88071428571425,0.19425977951224885
99.60107142857169,0.17460304233140592
-16.93357142857144,0.8433761126681694
117.01892857142866,0.013499676841707482
-26.474285714285543,0.5659287070236401
63.65107142857141,0.09686992342735232
-356.08249999999975,0.2941408517962161
-15.978571428571286,0.8406370606231112
-85.48928571428587,0.4121222228517897
107.77357142857136,0.2110745447018418
92.46249999999964,0.3362349228337784
-9.350714285714048,0.863626135922419
-40.50214285714287,0.44164939345581394
-144.04535714285703,0.046913077446584094
1.8732142857140843,0.9654537985691659
58.39892857142854,0.25936414108810724
65.95321428571447,0.41919842721839995
43.734642857142944,0.6800682912426312
21.71821428571434,0.6440487256171593
-41.97714285714278,0.5056584890283382
-67.15499999999975,0.46821246017903534
-56.896071428571304,0.5603143063668593
-131.95285714285706,0.43035454310235116
32.38714285714286,0.6287164588133887
40.158214285714166,0.6162081339803559
11.802142857142826,0.7841510000059042
29.68964285714287,0.7598084565765626
-37.69142857142856,0.561116792042276
-15.063928571428505,0.8595495507371504
39.76178571428568,0.5286736748540807
39.27071428571412,0.3630352604254266
-44.69142857142856,0.5880309993972344
-109.3435714285713,0.7405619649791969
316.48678571428604,0.287341581761881
41.61214285714277,0.6513535000831241
38.24214285714288,0.09725712165312048
-18.111785714285816,0.8852429659660097
156.74500000000012,0.6396184937963845
0.08250000000020918,0.9984569408864813
-2.4932142857142026,0.9345484755470443
-41.11928571428598,0.7988870454326374
-28.5821428571428,0.7106876033475367
-250.12250000000017,0.13935351434715454
101.32035714285689,0.16717238969355275
-2.806428571428796,0.9570456227270129
7.303928571428969,0.8410453089607708
97.14392857142889,0.3171912843740083
22.179285714285925,0.6489637025403482
263.42464285714277,0.35750562289031906
-45.116428571428514,0.34684697832078015
21.733571428571395,0.5603473089178502
204.63142857142816,0.36828832381672433
2.762857142857456,0.9763224838866941
-39.47250000000008,0.5557971680828339
76.56892857142861,0.3340390285042382
-70.81071428571431,0.20571528230963446
69.0821428571428,0.5409250293085289
15.671071428571622,0.8719243619125903
-49.5278571428571,0.7108696447796087
111.45785714285694,0.0001530918210617116
156.5260714285714,0.08629253151827308
-14.348571428571631,0.7271719918607247
54.75035714285718,0.5157270107129542
-33.51500000000033,0.42214501952865646
-109.96214285714314,0.1719648795302181
74.91714285714306,0.23911511456171858
6.781428571428705,0.837988556495739
-70.64749999999958,0.3513048393935338
-139.51428571428573,0.24047107324579584
75.23714285714254,0.13492458735980448
36.30642857142834,0.5848774529498733
55.90571428571411,0.28838823800557756
18.70107142857114,0.7541561907887502
48.19857142857154,0.15041504004569015
-1.7960714285716222,0.9683780997089075
-61.07321428571436,0.08656637828199946
-112.24607142857121,0.058113586410039296
-33.976785714285825,0.3906769667782225
-14.947857142857629,0.7607439725453943
87.67499999999973,0.24453950887083267
-82.20035714285723,0.3188003714680179
-157.8567857142857,0.054572404209263424
6.592499999999973,0.8992598808196539
-174.79857142857145,0.04812351270905923
-113.39285714285734,0.4687428905077569
28.52178571428567,0.5812186074675174
-106.74892857142868,0.16257730116321523
38.320000000000164,0.47857963999833264
85.99857142857127,0.33880671835743986
241.2596428571428,0.24933531354670233
27.9096428571429,0.5508069222616009
-67.80678571428552,0.3103231655122132
-47.39535714285694,0.3835061169764883
-44.39107142857165,0.26819635010759396
87.86642857142897,0.3806320759492092
10.264285714285506,0.8392272277047588
-8.07428571428568,0.9112032138136041
-50.372857142857356,0.6172882496564722
43.772500000000036,0.5953600680876703
52.740357142856965,0.44559647598982466
-15.768214285714294,0.7715907000231788
-1.1200000000001182,0.9903989512443612
65.99071428571438,0.1625716774690744
27.384999999999764,0.6122511020838489
45.68607142857127,0.15991875388449964
13.536428571428814,0.8148048252597023
-28.151428571428596,0.6823697743150627
91.8507142857145,0.2281459526608543
147.38250000000016,0.19124592095538112
87.98142857142852,0.005445543355128055
21.876428571428505,0.6948630720387546
-86.2810714285713,0.036626882472856996
205.22357142857163,0.16057107716825267
-100.20464285714274,0.23658464749857677
-23.577857142857283,0.6458664932358241
1.087857142857274,0.9866780979861991
141.45857142857176,0.1432615078705613
-132.17357142857122,0.11773413088280277
14.680000000000064,0.8271444458171491
11.249285714285861,0.8701850139395909
-129.06464285714264,0.2638361221542079
-70.59678571428594,0.05812825374510228
26.78857142857146,0.5525101858400158
19.00785714285712,0.7475814120045755
-44.269999999999754,0.6629786252184107
0.5724999999999909,0.994825093529134
-16.732500000000073,0.741581780573475
19.39392857142866,0.7735538405797479
-67.26214285714286,0.27024190830695766
-6.796785714285534,0.9031249033084882
57.278214285714284,0.600783091658095
36.2650000000001,0.687388755066594
-8.35285714285692,0.8634107988346332
-26.66285714285732,0.7885613501192975
-6.248571428571495,0.9545007710225862
51.72642857142864,0.32986870848593075
14.197499999999991,0.8538735631087105
3.754642857142926,0.8623652666464982
-65.79500000000007,0.24712478008401179
6.6489285714285415,0.8751429042288825
23.86428571428587,0.7560333829507628
-76.64821428571418,0.12867301695052263
53.25607142857166,0.6141852888808005
-222.55107142857128,0.1032360970636625
-63.05357142857133,0.5514730067796285
112.46500000000015,0.11421725695777028
-57.06642857142856,0.38033270783909184
265.45535714285734,0.4391145837190653
83.51642857142883,0.12075616414616694
-67.8449999999998,0.30652143863486636
41.15071428571423,0.5395164908627589
-57.2221428571429,0.18959325314631267
31.07857142857165,0.5144748877479703
21.393928571428887,0.8242178037230609
-218.1107142857145,0.4696619134438242
-140.6757142857141,0.08172783734523503
169.0310714285713,0.5737851671884735
-45.941785714285515,0.22786414414158315
-30.933571428571668,0.7199086138227828
-90.53535714285704,0.59478369167937
0.5092857142856246,0.9933259609137237
-118.36285714285714,0.17976596983114337
-3.2750000000003183,0.9662265815473944
-17.296071428571395,0.749912307836929
10.79642857142835,0.9055632834181288
32.23500000000013,0.46042832883319756
-3.3842857142856246,0.9322424082948817
69.38535714285717,0.666008111209566
16.201071428571595,0.8560307641598018
195.2125000000001,0.1887006820121341
-30.54000000000019,0.6742313036365214
-82.29999999999995,0.3235819219662495
7.915357142857374,0.9215329908079343
-20.374999999999773,0.7378336472231511
125.81357142857132,0.18092686519441137
56.906071428571295,0.4652845397323004
74.4328571428573,0.07673133277919732
-78.1678571428572,0.37063622047883893
13.80035714285691,0.8335620321679534
-103.77678571428555,0.33972645983633604
-3.3924999999999272,0.9332439332637358
-64.66821428571438,0.35315896115013035
66.0442857142857,0.36620651210945804
-171.8217857142854,0.2562004572384712
-179.3549999999998,0.048986578276685344
-67.79535714285703,0.2355043172962647
-68.01535714285706,0.4216438713017833
72.54214285714284,0.3511173955507137
-126.29785714285731,0.12568841679265136
-46.16464285714278,0.24356587591929224
48.10428571428565,0.5771688531489653
-30.949642857142862,0.4358805827250764
4.618928571428569,0.9549956720313764
84.11857142857116,0.2778697137001913
73.30892857142862,0.425466075286271
193.13285714285735,0.1762220176012288
168.5792857142858,0.13822061131524951
81.54392857142852,0.154921657478804
55.458571428571304,0.3755645519367227
-403.0778571428573,0.1636979815151431
-1.873928571428678,0.9640332591228012
-16.95321428571424,0.7572165977967831
-36.6492857142855,0.2958238865267586
16.495000000000346,0.712626357468337
-5.625357142857183,0.9161850381832736
-36.911785714286225,0.6648212796808073
61.29321428571416,0.4097371000597745
-5.208928571428487,0.9501710428323724
264.1825000000001,0.4282756408861507
-33.44857142857154,0.4977979841496034
90.9539285714286,0.1787548769644478
-27.191785714285743,0.6840993054856122
-18.618928571428796,0.7263179319486951
-136.3432142857141,0.6517209009830487
-146.41285714285732,0.03495789402568463
31.28464285714267,0.5415320016960274
33.21357142857141,0.23557443865525365
18.810357142857356,0.7678176285534262
84.62571428571391,0.11370276382306067
125.30214285714305,0.33453077712702484
-314.59464285714307,0.29050123834309644
12.607500000000073,0.8831975664337819
-39.6807142857142,0.6622432480852961
-38.97071428571462,0.5305531123666983
128.3157142857142,0.2827081898292825
-60.187142857143044,0.1807642520030795
-18.821785714285852,0.7821351381731694
63.02142857142849,0.09537391202285421
-209.02714285714274,0.19799091721745152
-60.1203571428573,0.6266221265499482
-75.8157142857142,0.3004791082920733
-13.593214285714339,0.8622105938421689
-14.817142857142699,0.819550757829018
-49.772142857142626,0.456169807126189
37.36357142857173,0.8193683314347825
-128.97785714285715,0.013976289601978976
-120.39000000000033,0.15191569414761186
212.77392857142854,0.1580885433678988
42.135714285714585,0.5009927142921732
-3.1289285714285597,0.9376940816003888
-19.6921428571427,0.5747100395725493
-0.9507142857141844,0.9892536377610464
-75.9864285714284,0.4981625006294422
59.740357142856965,0.4657991906988681
-10.824285714285907,0.8179693464712029
-68.86785714285679,0.11944973556344077
26.373571428571722,0.7753381081895693
29.214999999999918,0.5974725173001365
-62.00071428571414,0.5102951559118535
8.68035714285702,0.9377760952060402
103.44250000000011,0.2624697506902334
-0.7342857142857611,0.9915420568513584
101.58535714285722,0.33171734199549224
105.26678571428579,0.3221759725853328
5.782857142857438,0.9177465195026285
-105.91571428571433,0.007807833230534273
-18.862499999999955,0.8141440513095055
-32.14214285714297,0.4465926839597832
28.381428571428614,0.6033846937679961
101.8971428571424,0.06551138374523398
-9.40857142857135,0.7917827374658486
0.09214285714278958,0.9987403018577227
19.946428571427987,0.6541569815029403
-73.59714285714267,0.16928136153973894
-46.32499999999982,0.8243871919632908
44.897500000000264,0.5445760804209138
146.07821428571424,0.048158879130924565
-27.60321428571433,0.5779335497720376
-25.600714285714275,0.6532095902426993
-72.25750000000016,0.20992352394679195
-49.02785714285733,0.3792693665860793
-3.897142857142626,0.9410900164595213
15.927500000000009,0.6522548818451005
31.31857142857166,0.46585962988187696
-14.466785714285606,0.7940915755764139
106.00285714285724,0.09667484833517291
-38.44321428571425,0.6148372573370665
-67.92321428571427,0.1375152406526749
7.539285714285597,0.9447928711462025
-28.79678571428599,0.52632264004599
-30.70999999999981,0.5606423587144631
72.11035714285708,0.3692045310256008
-46.47321428571399,0.3802495384473368
-4.592499999999973,0.9208921964452944
9.17357142857145,0.8847308378739298
98.15428571428583,0.37582639948953034
111.83249999999998,0.1093537443835095
-40.982857142857256,0.5929750504436403
-153.79178571428565,0.519819995502804
-306.2425000000003,0.3146513194480756
-4.791428571428696,0.95292218462136
3.4364285714289053,0.9716838522646375
-56.27249999999981,0.3653499101827199
29.58107142857125,0.7125000118325455
-33.14571428571435,0.6749301820337283
-77.99464285714294,0.5472788038833177
69.57249999999999,0.2267473656682472
24.64821428571463,0.6883043210928411
32.59249999999997,0.5218549173857464
14.72464285714318,0.9059083600018557
115.54571428571444,0.21409248639540288
27.714285714285552,0.584927237617157
-16.495000000000346,0.712626357468337
130.6025000000002,0.0972589245376431
51.271071428571304,0.5066182799957047
-39.04464285714266,0.6083940941935192
-41.916785714285425,0.4520849759223771
-93.05607142857161,0.355868912693882
131.84964285714295,0.5217870550037765
-43.74749999999972,0.36657728554415003
35.652500000000146,0.6879169423447717
21.38249999999971,0.6330336329132589
18.813571428571322,0.7756435828261121
-83.02500000000009,0.335381324618487
67.33249999999998,0.30444630094347197
21.528571428571468,0.5425338713260391
-44.39392857142866,0.4494412232169762
35.42500000000041,0.43819612180659867
6.423214285714494,0.8791567861356718
13.991071428571558,0.6700018964760934
4.99714285714299,0.941416324991498
-133.51607142857142,0.11033379208589655
-76.06999999999994,0.36569561644106
-23.804642857142653,0.7129726368673361
30.552500000000236,0.6984292284935152
59.12428571428586,0.47141966143192815
72.25750000000016,0.20992352394679195
-37.99714285714299,0.48759576193852794
145.80178571428587,0.1916842084680004
-62.05642857142857,0.1932618265544105
-105.03035714285716,0.17687571924418174
62.08535714285699,0.41001295472189364
-57.01499999999987,0.64045537617132
-34.632499999999936,0.6931582976561199
1.760357142857174,0.9825838515392323
14.229642857142608,0.7777053856792091
-87.53571428571468,0.2974047916943814
70.95357142857142,0.3726071895153511
-53.85107142857146,0.5610303135836583
-16.6446428571428,0.7641759448933653
29.823571428571313,0.7683074433429169
-71.75857142857149,0.3510114332685325
31.559285714285807,0.5942398146307764
11.01607142857165,0.878899270708584
47.717857142857156,0.31766719523931775
17.481785714285706,0.8755977913266536
25.523214285714175,0.5451010524062092
-22.144999999999754,0.7308402608778036
27.990357142856965,0.3301466460592129
-103.34749999999985,0.1548831503732178
-34.792142857142835,0.671125950527028
70.21464285714274,0.45615995225660183
-98.8214285714289,0.03302189791144198
218.8757142857139,0.3461874344493084
-11.596785714285488,0.8401458018577196
360.20428571428556,0.1046049286278307
47.90214285714319,0.34494596575187014
9.506785714286252,0.8417394942039266
31.022500000000036,0.4030966462654321
141.02071428571458,0.048403423237393044
68.44750000000022,0.11180706895918346
108.11035714285708,0.23795782902034524
-73.6364285714285,0.2780155319742125
105.69964285714263,0.2089620321887741
-40.05964285714276,0.22965414945768708
-18.23428571428576,0.7507595021472894
-32.97107142857158,0.6965379930898193
36.904285714285606,0.3665254704546255
2.985357142857538,0.9468822136104281
33.148571428571586,0.5937305968787377
43.591071428571695,0.3684805007667674
-27.098571428571404,0.6370191571031231
136.2267857142856,0.10212575318534876
185.0807142857143,0.2590992864913861
12.933571428571213,0.8549584518436926
-26.86607142857133,0.6614638540436697
1.0592857142855792,0.9894640705297705
16.129285714285743,0.8555698672583728
-138.54035714285715,0.10341392974290549
-63.46035714285699,0.1957184353440153
25.729642857142835,0.6739285920092792
37.572857142857174,0.54507481915451
43.292142857142835,0.5002171589269558
-40.97892857142847,0.6126711425188134
209.1282142857142,0.15955338759429863
41.512857142857,0.2667465932589017
109.5685714285712,0.27292883930149664
97.78107142857152,0.18378437568371145
-78.51821428571407,0.01026067392129884
92.03142857142893,0.03558460095856294
-27.515000000000327,0.6604840075529154
-18.38857142857114,0.7442896856820158
59.34428571428566,0.7117415096426968
-18.086785714285725,0.8460457425913754
-74.17035714285703,0.2410069469751044
2.0307142857141116,0.9846068886188943
-23.264285714285734,0.43326814186713664
-63.202857142857056,0.5237870421589392
58.73107142857157,0.4368027804173392
35.17321428571472,0.6359103037724976
-37.166785714285425,0.783338930491411
-27.10714285714289,0.6102423662403264
29.281785714285434,0.5829750302920845
-171.5346428571429,0.27725169036854597
-24.066428571428787,0.7141165146100426
-101.70892857142826,0.22868471907603036
-35.898571428571586,0.6802288261437728
178.8185714285712,1.0694417579476258e-05
-138.40892857142853,0.08692574397546746
-178.59857142857163,0.2186968393885306
-70.84392857142893,0.3979142715120718
18.42857142857133,0.7837120599394356
21.985714285714266,0.5137454964889847
13.016428571428605,0.8930457781109908
-52.58357142857153,0.26675548012070555
47.68857142857155,0.6435840676020351
26.27892857142865,0.7017656602074265
-86.33428571428567,0.09023658404181632
64.56785714285706,0.17134265622330466
51.746071428570986,0.750510464726694
-66.80357142857133,0.2628260325966362
9.091071428571468,0.856534680873937
-35.0542857142857,0.2999645297748557
32.375,0.6060766356323442
107.4339285714284,0.499429011145029
70.48785714285714,0.10590559765506793
-118.09857142857163,0.04006671004206016
-211.58678571428595,0.046680658475980005
-37.808214285714485,0.21689760502112002
-109.2282142857141,0.35057263286879864
-8.58821428571423,0.7651131690595266
-122.41249999999991,0.09897337446267104
96.80250000000001,0.18475052526659108
-29.359642857142717,0.7134801257018006
62.580000000000155,0.5766740861878029
2.29357142857134,0.9555445033164025
-63.32357142857131,0.495031233536731
95.38857142857137,0.3792671144699961
20.64214285714297,0.8258458117679897
12.488571428571504,0.8493366582290415
-9.209285714285443,0.8696260845584248
-17.977142857143008,0.7570666520242073
-8.638214285714184,0.9359120259834744
125.9028571428571,0.06397040869647934
-2.952857142857056,0.9713875426498815
-126.9042857142856,0.03597721097196491
65.9375,0.47434984666845187
83.06999999999994,0.18561678179458496
-32.37750000000028,0.724420961812902
55.35321428571433,0.5230354528890359
-19.44107142857115,0.7298960916509337
-117.39357142857125,0.12751155722752294
-364.55571428571443,0.13597572930186994
-86.60428571428565,0.538761685649759
34.73214285714289,0.7621930941834809
37.416071428571286,0.7351130163096653
-82.07107142857149,0.372700996123373
91.99392857142834,0.386767513399961
11.160357142857265,0.8096451625384895
-49.45464285714297,0.41686206808344634
46.63964285714292,0.38292981535592846
60.188214285714366,0.4910131850383169
-117.54750000000013,0.1289513450286727
1.8089285714286234,0.9678846513265014
31.152142857142735,0.7382050836586352
3.2250000000001364,0.9591423548720153
154.76464285714292,0.08043034063663
-8.832500000000437,0.8475053641576586
-10.987857142857138,0.7866531631339958
13.40178571428578,0.7792992293844719
-57.888214285714184,0.5227576126312923
1.8671428571428805,0.9716959757103703
-18.835714285713948,0.8200421733746385
122.95999999999981,0.12534039336802294
-134.32821428571447,0.3741693286266112
14.91857142857134,0.7448260091769111
-58.96142857142877,0.33404802061303435
71.90035714285727,0.3348052295856978
-27.018214285714294,0.8262799936200189
40.72892857142847,0.6935052177087891
8.747142857142535,0.9235790688780894
34.08178571428584,0.623385669444324
-56.500714285714594,0.5833464670419471
-43.29250000000002,0.6201643979561092
251.07428571428545,0.45105439814169923
-54.7567857142858,0.5743069132117724
-51.12214285714276,0.47340950687370703
59.48142857142807,0.1442490229814602
107.12428571428563,0.16790436914370238
-101.49964285714282,0.22182266136814152
68.44392857142861,0.4541324321858924
42.826785714285734,0.36523067829809075
-66.43392857142885,0.23366682756951598
18.455357142857338,0.8649645323799804
1.2878571428570922,0.9699592360876761
-146.7567857142858,0.04788547560869053
-239.72142857142853,0.2824668270404755
-7.506071428571431,0.9245918444996891
108.85250000000019,0.17521135752319206
61.58178571428584,0.49834883858156986
3.913928571428414,0.9502418410319616
-54.774285714285725,0.09148152737134507
0.9871428571429988,0.9895314621392521
25.35214285714278,0.45735220076472866
62.81392857142873,0.5109869217781526
-70.14178571428533,0.3913502569188452
50.86928571428575,0.4501114559580763
-162.69000000000005,0.030232991944311047
-16.726785714285825,0.776904696979067
-180.24749999999972,0.11680735445186176
-38.691785714285515,0.4343110632576683
34.74678571428558,0.4913983823462612
15.200357142857001,0.7935920361447711
75.51607142857142,0.4439368579202135
61.0174999999997,0.7089745717667587
-207.25785714285735,0.5255742512812188
-2.824999999999818,0.9604532717802979
58.440000000000055,0.3624759473459835
53.906071428571295,0.413960087281241
1.2507142857143663,0.9850743418993234
-37.63821428571441,0.4133939355221462
8.754642857142926,0.8750442793449452
28.585714285714175,0.795769338073174
-11.838571428571186,0.6827965879091262
-41.813214285714366,0.4322771458516812
-18.547500000000127,0.7425971750342636
53.472857142857265,0.36131163194313815
33.23928571428564,0.4828836780375186
-36.40178571428578,0.5385523627433187
7.26928571428607,0.8114605780673773
-120.31999999999994,0.23448652263626002
-48.79000000000019,0.6343354173527833
-105.00428571428552,0.10043275111405327
49.42642857142869,0.24458970351200962
58.12892857142833,0.2979614887899288
65.98464285714294,0.17258802088081918
-9.701071428571368,0.9142183757877489
-80.7289285714287,0.32463726728705594
18.02285714285722,0.7912367149389307
-46.69857142857154,0.45896842091799755
74.13714285714286,0.20701784064786188
163.7707142857139,0.15760835458525307
-78.06535714285701,0.124186197692542
-43.94678571428608,0.4033784672885067
-81.69357142857166,0.5360066480192027
44.57357142857131,0.6642216745534454
-99.79714285714272,0.20692046656622384
83.9060714285713,0.5610089250075405
134.31892857142861,0.0005051267070250388
118.50821428571408,0.13608180430947847
20.430000000000064,0.7663854625466573
7.726071428571686,0.9034946298139807
59.39821428571395,0.04599204956340721
-70.73500000000013,0.25283466700913076
-84.05999999999972,0.5841511542670539
29.830000000000155,0.36107957970951526
53.820000000000164,0.2398899931173851
-109.02750000000015,0.057802705292099625
-98.04535714285703,0.012077245418800954
-67.15571428571434,0.13793809658508785
64.98035714285743,0.6142183615073409
-34.96107142857136,0.48005033552134196
-117.80535714285702,0.447507767745884
39.25892857142867,0.3642649009010635
12.470714285714394,0.8645641797906742
-10.729285714285652,0.8662398722617299
86.03250000000003,0.3054445164292471
-50.61999999999989,0.3229447000489375
-399.5703571428569,0.23936614077861476
-74.60285714285692,0.5741278489255781
290.21928571428566,0.2082165381674118
-268.502857142857,0.40793229703048905
62.44964285714286,0.20086748895916123
24.237500000000182,0.49068172214607725
-77.96714285714279,0.6151713865802648
13.083928571428487,0.8298544793688263
65.713214285714,0.11340619601929637
5.19821428571413,0.9247367934956053
-65.14535714285716,0.5483705008392614
-7.038928571428414,0.9441873720926396
-76.22642857142864,0.09981263686880643
-119.37321428571408,0.012835203314686496
65.49571428571426,0.7052046587283332
-19.154285714285834,0.5646472581885642
-46.79964285714277,0.5849634108630518
29.54571428571421,0.5686745044714303
-62.53678571428554,0.6067641651170086
-67.63821428571441,0.4174780046075239
-68.89357142857125,0.06286694556335502
46.396071428571304,0.37248658924050204
-63.9721428571429,0.441457411830856
-73.94250000000011,0.32364595873104957
184.0871428571429,0.5660903775118398
29.321428571428214,0.6141137617754856
152.7667857142858,0.29349671971232577
-103.32107142857171,0.2838199833203991
15.153214285714512,0.8675931803550857
-94.24857142857127,0.2746491685681192
-19.811071428571722,0.6593720580766347
-10.006071428571431,0.8951416598280996
21.969642857142844,0.6640826001047838
-4.481428571428978,0.9478185720285459
178.32821428571424,0.01726192386316745
-122.32357142857177,0.025105141588487364
-198.9917857142857,0.21839375692338112
-137.85142857142841,0.00826680452124215
19.940714285714193,0.7502255476342169
5.63607142857154,0.9635805695158925
133.31999999999994,0.06102053610039288
-1.6324999999999363,0.9708230894442099
134.2946428571429,0.1732668550048312
-26.93642857142845,0.8354275242816606
81.66750000000025,0.040257922667642776
107.07464285714286,0.2650728023502141
-50.596428571428305,0.6462438407566871
-80.80249999999955,0.42784963503999845
-58.609642857142944,0.5780574109933615
54.69499999999971,0.2981689733738763
54.77500000000009,0.29731546887290744
57.22321428571445,0.5017514732909092
-24.44928571428568,0.8560461733711789
83.28642857142859,0.18380450192192313
-15.060000000000173,0.8240839083769109
71.09035714285733,0.39198299561748645
89.96321428571423,0.26331053972805807
-202.43821428571437,0.08252578795075792
13.715714285714284,0.8715506030261958
23.886428571428496,0.7201066981522407
-53.06357142857132,0.38121037428633187
-105.51678571428579,0.20325628499805645
-100.53785714285686,0.10940340361687248
148.6078571428568,0.06841772482789213
-2.862500000000182,0.9418619479834053
-41.475000000000136,0.4958597408368924
14.073571428571086,0.8378910406192
-164.35321428571456,0.09045826985945167
52.68357142857144,0.2879076400351742
-64.98035714285743,0.6142183615073409
-23.2928571428572,0.5627225929083789
-57.69464285714298,0.4960092164163062
25.947857142857174,0.5556396311497039
25.347857142857265,0.6141892828504059
-9.245357142856847,0.8572773033141594
67.2660714285712,0.392572758675581
-92.55571428571398,0.24083840665761647
100.18250000000012,0.38225190192594843
76.32214285714326,0.3627288624384678
-69.60357142857151,0.051947645413383
-11.505357142857065,0.8500315367956202
117.80928571428558,0.266798353591249
32.59249999999997,0.5218549173857464
100.50499999999988,0.19085132704569463
-66.31642857142879,0.26504184594152835
-53.707857142857165,0.42228423607786175
-94.05749999999989,0.0772327764257734
-39.853928571428696,0.35914643504104615
-17.671428571428805,0.6755900599566874
-92.88249999999994,0.28089381394551366
80.95464285714297,0.4419879277346667
-50.70678571428584,0.35531828917961644
-61.50892857142867,0.2816295803767983
69.1839285714284,0.43194964523270357
120.92500000000018,0.22514079647048968
40.10392857142892,0.5067987520071592
50.19678571428585,0.4154644283857952
88.03321428571417,0.009971429245872935
-28.227142857142553,0.22608835182944034
0.583928571428487,0.9913421486656252
30.49000000000001,0.44961827292233186
-11.489642857142826,0.7158373423188428
-94.41250000000014,0.20943402715260312
-77.45214285714269,0.45855595185013276
-39.597142857143126,0.29694798767832614
45.21571428571406,0.21431742689218364
-35.27857142857147,0.5877971894448325
198.73821428571432,0.2942734375366701
6.505357142857065,0.901872716207466
-0.5725000000002183,0.9939761647256122
0.9653571428571013,0.9882543800461557
37.83428571428544,0.6778198827050022
-11.653571428571695,0.7666094399620512
-22.21928571428589,0.7122230447123598
-22.98571428571404,0.7285954522371437
280.45964285714285,0.33577726089079774
42.962499999999864,0.4039204791029547
-13.106785714285706,0.9518110658827599
-56.47321428571422,0.5970724313331291
20.631428571428614,0.8152143973506841
-58.911428571428814,0.3141538442647183
2.247142857143217,0.9860563206206635
25.128214285714193,0.5718072262088733
-403.1721428571427,0.0921532391029458
-260.6310714285712,0.17968937055542872
-74.99500000000012,0.4110892398301841
61.01821428571452,0.24977673009787166
69.75678571428557,0.4182446534931581
25.96250000000009,0.539669795597948
-41.383928571428896,0.74078441535705
107.68892857142873,0.46637772584311954
-40.11321428571409,0.5954124146806293
-155.62249999999995,0.18155775248965084
-127.04285714285697,0.19543390888930784
-72.86892857142857,0.19642538759532818
-28.84142857142865,0.6201950128626478
85.4789285714287,0.37958358550059296
6.800714285714321,0.9203669986311138
36.14321428571429,0.4912422564314443
-80.75999999999976,0.3693803167527153
23.881785714286025,0.8412625460500335
-7.276785714286007,0.8857262432590874
74.13714285714286,0.20701784064786188
59.77392857142877,0.5335919160329764
26.713214285714457,0.7613120474214925
2.91178571428577,0.9815328197517157
75.95678571428607,0.3554357579541688
-49.34464285714307,0.5723523284221539
-0.7528571428572377,0.9838067668862848
41.16142857142859,0.702292332011362
0.5596428571429897,0.9844080751462295
79.40785714285676,0.11008259416272087
1.014642857142917,0.9913223082967543
-109.54642857142835,0.09147109800075828
107.01999999999998,0.27823972937117103
-82.47249999999985,0.3726372598390156
-12.227499999999964,0.7444819499536846
47.019285714285616,0.6406352593802972
53.81678571428574,0.4991139890013384
-46.36535714285719,0.6921093435629941
115.62107142857167,0.05034932052531102
19.75499999999988,0.6826022644064741
-21.256785714285797,0.894592772628428
116.52142857142871,0.11968608846735902
25.307499999999663,0.7199536996043814
-124.55714285714294,0.13049142036790926
-43.74964285714282,0.40903384422885036
27.565000000000055,0.7340103222288105
-169.91071428571445,0.28431463103781823
-24.383571428571486,0.5539093434306958
0.2074999999999818,0.996767419533542
-74.41857142857134,0.47385867219806377
-14.007499999999936,0.8793854017814451
-20.7696428571428,0.7956362461146839
29.01428571428596,0.7807961477090547
183.69178571428552,0.25132717407011174
41.386428571428496,0.24444855270329136
-26.67750000000001,0.5414553299627991
-72.91821428571438,0.7476019411478123
5.527142857142962,0.9225738169868706
-30.445714285714303,0.715795871666074
-39.2928571428572,0.5501110056380324
-50.61000000000013,0.5341453664154449
-31.020714285714348,0.7473525944076567
-109.09928571428577,0.055055065441815244
-61.74678571428581,0.4439685100456202
-56.75928571428608,0.07533763760266221
-61.83642857142877,0.2655079961670139
-44.33107142857148,0.5513288284630319
87.59071428571428,0.004959471385676576
57.780714285714566,0.717571535139537
-77.69392857142839,0.2556354631758098
31.789999999999964,0.6323315643187517
-84.22857142857174,0.5047853102642164
-86.07249999999976,0.42091091999092617
-66.37214285714276,0.6026778210046982
42.817142857142926,0.13167749039921492
66.99749999999995,0.58416309976987
28.038214285714275,0.8236012343529047
2.6582142857143936,0.9648325364798425
23.574285714285907,0.721019414738662
69.15464285714324,0.37894724196181245
-75.8864285714285,0.32078341032926866
-49.62214285714276,0.39964592191077625
-44.16964285714289,0.3739140533420508
-112.24607142857121,0.058113586410039296
34.76178571428568,0.7011842211124891
103.19928571428545,0.2589095338983994
-288.3914285714286,0.32594842414731356
3.501428571428505,0.9503257948826267
-103.47107142857158,0.07907075599801411
-29.312857142856956,0.6393258394332144
315.1103571428571,0.30047150988222016
-131.28214285714262,0.029661946820583693
311.0242857142855,0.3424396492182526
-20.08607142857136,0.805253916621843
14.512142857142635,0.5567723081051844
-50.26357142857137,0.641237001746363
315.0742857142857,0.33747161834697975
192.80714285714294,0.510363660542187
-103.59857142857163,0.29059559315639705
-30.17535714285691,0.8570042376308141
-29.249642857142817,0.2873797723427703
-51.57357142857154,0.5491662384234532
0.8557142857143845,0.9842219522693051
20.230000000000246,0.6155646374325145
-1.7492857142856337,0.9722359572644422
-84.55892857142908,0.2462116375315019
-110.15499999999997,0.1359788065306113
13.232857142857256,0.7547126339699721
-6.888928571428551,0.8947380738362136
-68.18857142857132,0.21446413544263118
-139.50035714285718,0.6379627362000454
-67.80392857142851,0.16161485636835474
67.15249999999969,0.27495546190756553
-38.559999999999945,0.6563360765598183
165.1242857142861,0.13764190141986354
43.588928571428596,0.558978403681189
-45.56642857142879,0.2505074235302784
3.0242857142854973,0.8802482380031481
56.812142857143044,0.3025501045726614
77.27321428571418,0.29718682924923356
-25.240714285714375,0.5089896938600552
-26.935714285714084,0.47540840214030317
92.83678571428572,0.08184757319329761
10.191071428571604,0.8283326356311493
-44.892142857142744,0.5019780668948188
-44.21714285714256,0.19609296729517603
0.07107142857171311,0.9995207665194781
52.125,0.5043212585342971
-134.54357142857134,0.13613377311423097
39.274285714285725,0.6671657650430279
10.211785714285497,0.8397320700422057
-26.561428571428223,0.7202986792559484
-306.838214285714,0.335193062303377
40.497857142857356,0.5320650390227127
-74.39321428571452,0.18372348614010323
1.9699999999998,0.9543381071996383
24.383571428571486,0.5539093434306958
7.36535714285742,0.8912257112744467
22.124285714285634,0.7126591054811223
-61.69357142857166,0.30037735147415956
15.38321428571453,0.9131553445034339
-44.201785714285506,0.6450973979853636
-49.76892857142866,0.5507663579221622
14.606785714285706,0.8952419769808125
11.953928571428378,0.843732018799499
-32.39249999999993,0.7847387900380405
99.43714285714304,0.33615053652107363
-38.87892857142856,0.48729316824865115
94.40857142857135,0.3662211441280802
93.50964285714281,0.4132526934575158
-35.21107142857113,0.5506990520150591
-6.436785714285634,0.8879834673869157
-68.42642857142846,0.3370108189550722
-30.136785714285907,0.6370112780396534
-73.51214285714332,0.2255810255521705
5.63607142857154,0.9635805695158925
-37.12178571428581,0.4717992145801637
29.18571428571454,0.7009834709242778
45.556071428571386,0.5580089565885542
15.464642857142962,0.5918578256083883
119.56928571428534,0.14706849773608704
-17.84607142857135,0.772825475542001
-40.60499999999979,0.6293995093569273
71.88035714285752,0.4500738460829087
