effect,p_value
14.356428571428523,0.7982111883859957
27.495357142857074,0.7356689009349856
24.5278571428571,0.8723579797370365
-85.46178571428572,0.27713593118085056
-75.35714285714221,0.20300212029188694
-50.151428571428596,0.28838637691686003
-35.7524999999996,0.7468859524907797
41.91678571428588,0.4318345519655475
23.154642857142562,0.6997418993948035
-142.44750000000022,0.3521183137612706
-76.08857142857164,0.19838054832010155
-181.90678571428566,0.017328434721836632
-7.685357142857356,0.909697665304569
91.27285714285745,0.24425402649488884
42.26178571428591,0.4312069959078297
68.86535714285742,0.10063110565078842
76.44285714285752,0.42735030441661936
106.34571428571417,0.13622502203647682
29.885714285714357,0.6365448692366423
106.34178571428629,0.15930016927504706
-267.1671428571426,0.08538143022422191
16.38178571428557,0.8093961547676867
-110.41928571428593,0.12158524446477172
-6.586785714286179,0.9236083095499127
-87.7467857142858,0.36837557134210397
-158.26178571428568,0.02608979904971574
-7.8989285714285415,0.919100481520222
9.744642857142708,0.889584085901133
187.32428571428545,0.2217449059882418
-17.291428571428696,0.7471704265228867
-88.10821428571398,0.18957217644156427
-32.01142857142827,0.6107993412636575
-43.71535714285733,0.501346170213408
76.90857142857135,0.18600358174022585
25.816071428571604,0.6863427003242585
-63.71499999999992,0.39701912175073467
37.268214285714066,0.5469368145132423
-51.034642857142444,0.46402081310317983
41.014285714285506,0.623478572541043
83.73821428571432,0.20516132126357375
10.992142857142426,0.8818685697824523
-43.89964285714291,0.5512713063422859
231.85321428571456,0.134141825698914
12.287142857142499,0.8483601422213775
-85.05071428571387,0.21595430836472257
12.747499999999718,0.8399980043552192
-66.94392857142861,0.36496986718514185
-114.74571428571471,0.09289361081581415
-121.31857142857143,0.09015488530830823
33.87750000000051,0.5836266240527298
56.38500000000067,0.3711509557795749
-33.109285714285534,0.6543605636410512
51.17571428571409,0.5383913521269361
75.22571428571405,0.3209713303053072
-72.97750000000019,0.2857009197178396
-4.366071428571786,0.9519155002625529
-52.127857142856556,0.3222721206495003
-49.74749999999972,0.42591527286796116
32.03500000000008,0.6035786022936152
-56.780714285714566,0.41777808006073164
31.21642857142865,0.6306955568307174
-70.17821428571415,0.262649092831674
77.63392857142844,0.2417099177281081
38.33999999999992,0.6676053836967931
-42.430000000000064,0.5898631184215212
-11.366428571428514,0.8499894567549263
91.9939285714288,0.15648946834078747
179.7885714285717,0.011599216286109493
19.993928571428796,0.7930815072191851
-2.922499999999218,0.9615491478412602
-168.7064285714289,0.05243809711624529
-7.690714285714421,0.8924067088392303
57.72892857142892,0.427319471072106
11.221071428571577,0.9007340772950511
-33.083571428571304,0.7349509307560779
4.19285714285661,0.9459437821038019
-47.415000000000646,0.4433602612214968
24.551785714286325,0.7209927672970418
48.40178571428578,0.4697505840291064
39.09857142857118,0.5572002779541342
211.22857142857106,0.16967166748276635
42.03857142857191,0.6995990384820424
279.5510714285713,0.07008277731701933
-50.39535714285694,0.42498236991623134
-14.742857142857247,0.8600841839376239
-19.508571428571486,0.8148410224320367
-21.08392857142894,0.7965020708901697
-60.95678571428539,0.513717122091342
-69.91000000000054,0.320645622583663
-12.409642857142444,0.8548702054276414
-32.75321428571465,0.6622057497920532
-5.385357142857629,0.9291884222589342
200.4453571428569,0.04020025451278235
-102.90464285714302,0.5013988749304168
-66.86142857142863,0.33180715487640855
10.16178571428577,0.8701949898613224
175.09678571428594,0.03574097113381209
36.014285714285734,0.4495810523500376
-60.450357142856774,0.4217755800071755
-120.33250000000021,0.07569382945744553
10.038214285714503,0.8633239626559562
-6.562857142856956,0.952574187407681
-112.61750000000029,0.4612406549734987
25.683214285714485,0.6010904700341351
8.776785714285325,0.8853509352636233
50.33892857142814,0.4310311476056909
-179.73678571428582,0.0025090695802804435
115.64035714285706,0.11289520966956104
49.77285714285699,0.484743247618411
26.94857142857154,0.617157158950768
-77.11714285714265,0.27378549876248964
28.348214285714675,0.8615121851395836
-13.45571428571452,0.8557254046451529
5.051428571428232,0.9626922688065532
-48.671785714285306,0.5557838310142559
27.388214285714184,0.5822955999266275
89.18214285714271,0.2015715299125232
55.798214285714266,0.45013716899758677
107.67678571428587,0.07368617329633984
4.720357142857438,0.9420864985743088
74.04142857142801,0.3650265757298476
-116.14607142857176,0.1516524592510761
57.586428571428996,0.3440837170890215
46.49642857142862,0.5022325529566912
-63.99642857142908,0.5617841461190028
-98.16357142857146,0.1519114663748353
22.884642857142808,0.666231673500944
-10.01107142857154,0.8921163069816134
49.69107142857138,0.5806239660486923
-14.696071428571486,0.7970652959857017
-17.18714285714259,0.8265712723720103
0.6560714285710674,0.9922198913331723
-101.57285714285695,0.16249101862840826
10.41892857142875,0.8787893479752485
-42.8924999999997,0.4632321287460633
58.89892857142877,0.2704477488379893
83.30035714285714,0.1702287725253443
21.77892857142865,0.7221906197231912
-27.182857142857756,0.6768808821379575
-60.72035714285698,0.41061869484612556
59.68642857142868,0.3725831121672772
45.55285714285719,0.5476097950845107
6.9975000000004,0.909561564647576
27.211785714285043,0.6966250180088334
-6.619642857142708,0.9402490796649408
73.07500000000005,0.19497963760564876
69.3885714285716,0.4059658700408481
-15.111428571428632,0.8207403974220217
92.66928571428548,0.0845050504153337
35.01321428571396,0.6518222219833558
-2.320357142856892,0.968532739830897
69.87428571428586,0.2619182748139872
-36.89500000000021,0.654713751823121
67.40714285714262,0.6602939914022445
20.353571428571513,0.7661012012686655
67.24142857142897,0.3735737159455806
-8.682142857142708,0.9156175936526156
40.876071428571095,0.4656122621141146
30.09821428571422,0.5744700087813993
-19.44428571428557,0.7856349839183584
76.5878571428575,0.4472545372813588
73.37357142857172,0.22379760121061576
169.52678571428578,0.26894918871275564
-15.870714285714485,0.8129260233711721
54.133928571428896,0.45501338475927394
-19.233928571428123,0.7970477333691677
-333.5660714285709,0.030574998747268507
123.64964285714291,0.41797379509706306
-108.97678571428605,0.13281402774940768
-87.57964285714297,0.1229184067757574
35.497499999999945,0.6015528441609409
168.8182142857138,0.017714814752711014
-37.623571428571495,0.5186522241931347
13.13892857142855,0.8175304784039518
71.17857142857088,0.3360447813958542
-34.833928571428714,0.5489692460999533
38.970000000000255,0.5814463973121313
151.76964285714303,0.06289582303690801
-30.64749999999981,0.7597223775084813
-33.92250000000058,0.5446463932738237
-4.841428571428423,0.9399107029748885
-69.44285714285752,0.16030901032486222
53.743571428571386,0.4358824354827238
118.4157142857141,0.05472030215854247
-26.67142857142835,0.7002769896803356
62.92571428571455,0.30718734366546424
-10.081071428571477,0.8971389372309941
67.34214285714279,0.4536027876129569
-37.02321428571395,0.5519632640391945
133.67714285714328,0.038426148860336004
33.0603571428569,0.8310060670255693
46.98000000000002,0.4885407852869107
-65.9885714285715,0.30959935087695584
-58.944999999999936,0.21526469696169517
-48.318571428571204,0.5413483631494611
-91.16607142857129,0.17625869361173532
71.42071428571421,0.27538515014359505
68.05142857142823,0.301348519929364
-98.38357142857126,0.5267183457442434
54.7650000000001,0.3665220896875954
-50.35607142857157,0.3675067842828183
-130.44678571428608,0.056444710907878455
-21.231428571428523,0.6684731633277801
6.541785714285652,0.8763209937519422
-14.14285714285711,0.8324165344869395
-17.452857142857283,0.8304359353915788
75.07892857142883,0.26378457353644086
107.67678571428587,0.07368617329633984
34.225714285714275,0.643636911935125
18.257499999999936,0.7923174730793544
85.32464285714332,0.14029520369196777
85.87964285714293,0.22592038130682363
28.166428571428014,0.532741760575006
59.256071428571886,0.5537779735686028
-78.58642857142854,0.4543689953860699
29.360357142857083,0.7638118111824965
46.42714285714328,0.4968619711765847
-8.409285714285488,0.8774458254703819
-191.60357142857129,0.0032247477047338715
20.281428571428705,0.7388676017778449
-111.63107142857143,0.17631294986789367
123.82999999999947,0.0440869807480045
-87.5903571428571,0.1273063239075738
49.146785714285215,0.5375182534262359
-8.939642857143099,0.9113318552697004
26.052857142857192,0.6729557468950755
-25.535357142856583,0.7256786491518072
-18.876071428571777,0.7455867043389773
-68.82464285714286,0.38966976472267345
67.13107142857143,0.3254116611509464
23.361428571428632,0.7161350254048324
-167.72321428571422,0.011674962758451956
-121.30785714285753,0.049145051913272106
114.89607142857176,0.076435568913721
61.8982142857144,0.3738048495724611
-67.64321428571407,0.28723686308697594
-22.462857142857047,0.8152995031972428
255.13714285714286,0.09402314106898325
37.3692857142853,0.5605995310292825
87.25964285714258,0.09872871194056748
-0.7967857142862158,0.9897197763635055
51.89321428571429,0.40838803386054356
-15.845000000000255,0.8192379624648638
165.34285714285716,0.038865945933415545
-28.034999999999854,0.6060386807995223
-88.69392857142861,0.06268304807544209
30.75500000000011,0.7308745089293731
-42.78571428571422,0.5005921126992784
-38.63464285714235,0.6309199201931509
76.06892857142884,0.2868428583456752
87.42785714285742,0.22267051401775337
78.58892857142837,0.15739699801592877
21.211071428571586,0.7273957152417908
-31.483928571428578,0.5729948617626238
-85.83821428571423,0.20963750381673196
145.58500000000004,0.008202441159563839
33.75357142857138,0.6116898474677492
106.45571428571498,0.5102375463192599
-49.90642857142916,0.570433446730415
31.77214285714308,0.6308324884518666
-31.114999999999554,0.6258419370228443
-279.45964285714354,0.06895763650257532
103.29035714285715,0.15411366446273822
79.41750000000002,0.42719544898049094
69.98107142857202,0.3567644459215629
-103.44321428571425,0.18539545638236904
-88.54500000000007,0.1889489273507538
-48.68678571428518,0.4947630947067015
-4.754642857143153,0.9224513454427538
-81.54142857142892,0.23102074256097382
114.83428571428567,0.051547217494379294
49.28642857142836,0.5816323415573234
-5.6349999999997635,0.9328195473402673
-117.42964285714334,0.07270194865844838
30.6899999999996,0.7173324755292436
-136.51464285714337,0.05486188059662103
-22.957142857143253,0.7153141787631954
-46.299999999999955,0.7619471204756452
-8.685357142856901,0.9034237819690378
-96.63035714285752,0.1452828493522722
41.331785714285616,0.5457356530301486
39.55499999999961,0.6031989115207872
-80.80249999999978,0.2758796165300343
119.42321428571427,0.17721434355354804
-204.60071428571428,0.18463527305628166
33.2696428571428,0.6524875666069936
33.44750000000022,0.5591872693882779
21.855357142856974,0.8252028461864586
6.587857142857274,0.91905630477048
-93.02142857142871,0.25517775775416457
-160.70642857142843,0.2938136778063756
24.696785714285852,0.6847803956578029
17.768571428571477,0.8016694031621664
-51.25392857142856,0.4562031493398625
198.1971428571428,0.0055876266204920085
-3.928571428571331,0.9437551734867544
13.498214285714312,0.8027565005042686
-41.30499999999961,0.4560926595099079
31.257499999999936,0.6430659857132526
60.30821428571426,0.4540285432804724
300.266785714286,0.06223364162887078
-74.71214285714314,0.2803797886617802
-66.5167857142851,0.3103268147022809
-125.98607142857145,0.10462105749809304
41.96571428571406,0.5575244686391495
54.262857142857,0.544868621043223
44.6482142857144,0.4550799306580781
-2.8532142857147846,0.978921363209863
26.39749999999958,0.7626498428027294
57.016785714285334,0.4457530462227145
86.00071428571437,0.1644435276279068
-21.538214285714275,0.711483201893835
31.515357142857283,0.6852446167870386
51.906071428571295,0.5125617122963702
-49.15821428571462,0.41954554229569324
-271.00142857142873,0.07849033827449897
-41.02321428571395,0.5585878699461443
51.73892857142869,0.44229767776143514
48.05964285714276,0.5918440236795572
27.70214285714269,0.6148091832254229
-61.52464285714359,0.5336078011332274
23.1296428571427,0.7569403338580342
161.2289285714287,0.30815274948438753
-157.0767857142862,0.30566875334572996
-14.202857142857283,0.8336757380777673
158.87642857142828,0.02463800486466315
68.4214285714288,0.26064134746384787
-19.308928571428623,0.7115954273045272
-84.40321428571428,0.2445302001418441
-33.12607142857155,0.6568690147293823
64.70464285714274,0.3696291695017318
-174.03249999999957,0.010017039479395692
-111.50785714285666,0.10042508734273335
-55.77535714285705,0.30548640581193387
-0.15857142857134932,0.9979557752524414
-10.487142857142771,0.9108061633686065
38.77035714285671,0.5766230316427109
117.01892857142798,0.02895938008232232
100.51928571428607,0.15900300695313185
52.14071428571424,0.5025330784025679
62.755714285714475,0.5326984548790729
-45.59607142857158,0.6736500629260197
35.451785714285506,0.5592239135110243
54.42607142857173,0.3816211665834478
-11.402857142857101,0.8144051996728783
-235.31321428571368,0.12292225076198753
20.84821428571422,0.712284101240863
-105.0657142857142,0.2926730337248485
33.13749999999959,0.5610157842815001
113.75678571428557,0.11825568231147741
23.34214285714279,0.7065731793563435
-144.92285714285708,0.07488771350056808
369.018571428571,0.02104816197365525
61.50142857142896,0.5721877399547236
91.08035714285734,0.10490436428267677
-37.6007142857145,0.6479750789946078
-49.99964285714282,0.41626630188977115
83.29321428571438,0.13800915144783296
13.216785714285834,0.8529080231383426
10.708928571428032,0.894178561620819
46.75714285714366,0.43971814947862503
39.519642857143026,0.5627245542970549
24.90964285714267,0.7384702243821186
43.011071428571086,0.3657214432163649
-48.271071428571304,0.5860764674173718
-53.85000000000082,0.5397822049074628
9.531428571428478,0.8921835455093236
-43.66535714285715,0.533133562599803
71.88750000000005,0.35403837895141516
57.73178571428571,0.27812682594408356
-57.42392857142863,0.5954663300189783
-78.10357142857151,0.21388558838577965
19.650714285714457,0.7537207576963618
-381.17178571428576,0.012927117169380125
-50.54678571428576,0.6455771492076683
-22.827857142857056,0.7362788292542789
-20.63142857142884,0.7823116760539497
-19.15785714285721,0.7353769959183843
-76.44285714285752,0.42735030441661936
55.39178571428579,0.3856989021204041
-15.162857142856865,0.7855104222128529
108.54321428571461,0.10651304292430677
43.0499999999995,0.4409606699073711
-149.29035714285692,0.08755438839239801
75.64178571428579,0.2674115040212678
-27.73285714285703,0.6414586130126801
61.470714285714394,0.5180638650219662
339.2882142857143,0.028207312806038727
68.12642857142873,0.5314919720645408
26.942500000000337,0.6706981945740078
71.04821428571427,0.1794666257500231
-113.41535714285737,0.06398659599920486
-167.18107142857184,0.04027457353908939
18.224285714285998,0.7469021496334877
-86.33392857142849,0.17284462785458568
96.01750000000015,0.04318280925004213
124.26571428571447,0.05958521446585964
-47.421785714285534,0.37217446700541174
-14.301071428571504,0.8281840475311015
15.419999999999845,0.8124814341500273
77.70821428571503,0.3810281787286721
-108.27821428571428,0.10325085586852181
20.993571428571386,0.7435660008779696
-8.836071428571813,0.9055194193504739
-3.5442857142861612,0.956843530723702
-66.12428571428632,0.5467268855000524
103.30428571428547,0.14998091626596616
1.1303571428572923,0.9864807793642083
-40.076785714285506,0.5605376117630433
-50.33000000000061,0.37598335018458506
-107.32321428571436,0.22531628878554869
-73.42285714285731,0.29297360724397203
66.88357142857149,0.36849966082918983
267.5253571428573,0.08311662070962474
-8.960357142856765,0.8543732078801786
-85.65107142857164,0.17795635488769818
3.4389285714287325,0.9468570278748697
16.010714285714357,0.8514640064274681
-97.4028571428571,0.17292732528327445
51.03428571428549,0.6077075017514549
94.34000000000015,0.1159918286636396
9.701071428570913,0.887294226030853
-17.996428571428396,0.7736302166489321
-24.202142857143144,0.723911218871235
85.64714285714285,0.3749821233657431
-42.58714285714268,0.46841345499440645
7.14964285714268,0.9071727240810312
-12.081071428570795,0.8710740334650444
-59.745714285714485,0.3826954675147423
58.62607142857132,0.33350473823734317
-29.50321428571442,0.6621309915964205
74.48750000000041,0.29353342335974714
-31.981785714285706,0.5860276360493135
-66.16785714285766,0.5429692025827163
-2.5067857142857974,0.9785944769132245
29.205357142857565,0.677464370255438
-186.7464285714284,0.046998929336016945
138.54035714285715,0.04946749835125915
-121.6400000000001,0.20589395992597884
-45.72499999999968,0.5647281258477335
38.16285714285709,0.5857804587443826
89.69464285714275,0.23948705462827868
66.29964285714232,0.2751321225112592
14.768214285714976,0.8342590806031345
-169.14785714285722,0.03164699103043487
-24.419642857142662,0.6535443067025137
-87.81000000000017,0.30994537220564927
-39.24785714285758,0.5983780009718638
1.3446428571426168,0.9824833793934536
36.94571428571362,0.5136152326380624
-57.93571428571363,0.3664646095213735
-111.71464285714274,0.08912165918952945
-38.04464285714289,0.5065578804971752
23.789285714285825,0.7120079297003172
-6.108214285714666,0.9148690542225796
76.59928571428577,0.24371970562432552
-115.76357142857114,0.09256953188786182
-28.810714285714766,0.6556265331814599
6.758928571428669,0.9082021025419255
103.63857142857137,0.09211951136018161
19.492142857142653,0.8157350260790087
33.977142857142326,0.6964123759318084
336.3353571428572,0.025795073559065438
-22.597499999999854,0.8831728710058141
22.067500000000337,0.7761785884909924
9.738214285714548,0.8869134066504014
133.66642857142915,0.05576786889688267
375.4189285714283,0.01326981149112688
-124.69178571428574,0.1547666259614462
77.27821428571428,0.3008973324378112
56.941071428571604,0.4084508647033586
-32.50607142857143,0.6637468405268409
112.24607142857121,0.05626411265535121
44.516785714285334,0.5378556770039217
-48.557499999999436,0.4355467807769146
26.842142857143017,0.6724126057205994
81.10428571428588,0.2744387577646311
-3.590714285714512,0.9580053064294793
62.9467857142854,0.31373382919356807
44.69142857142879,0.5196997676971649
35.83750000000009,0.5997738047043705
-184.08714285714268,0.23440779349780938
176.57571428571464,0.010618166767144778
90.8321428571428,0.18033855152915748
94.14107142857142,0.18452082741877435
-75.94571428571476,0.2707833871372454
53.28642857142836,0.42968740873506006
28.92285714285731,0.7122085280528636
-26.709642857142626,0.7011084482374246
39.77285714285745,0.5335500737424277
33.721428571428305,0.610491855652154
30.85250000000019,0.6380925227219036
-36.580714285714066,0.6073378025528101
-27.70928571428567,0.7351183429645083
11.074999999999363,0.8550749522790497
151.27571428571446,0.03683721101129489
63.784999999999854,0.3785194637301112
127.31071428571477,0.0593491688849378
-52.31750000000011,0.3458611937670515
-55.54750000000058,0.4964645245810073
-41.320357142857574,0.65694856308807
-18.358928571428578,0.7154050676582788
-126.89642857142871,0.08537309166608212
-49.31678571428506,0.42165880909732134
-116.76285714285655,0.02859397976923618
223.85857142857094,0.1432674933400294
50.67214285714272,0.43834244040539005
-63.68428571428558,0.27812516834089007
-33.970714285714394,0.5823973776230058
-78.16785714285675,0.3337300585688976
-12.68249999999989,0.8599049286018559
-34.770357142857165,0.6416510430473005
127.68964285714264,0.033104628865754424
-38.07285714285649,0.585150329564977
-28.593214285713884,0.7962291911853915
-0.3096428571427623,0.9972187491318081
41.78928571428605,0.5313650004225221
26.4200000000003,0.6437133806032003
-29.896071428571076,0.7129235107904912
1.462857142857274,0.9834112229278278
-12.711071428571586,0.8475610618994758
-40.02107142857221,0.6526346368660757
64.30392857142897,0.3255478387879103
142.95821428571412,0.0749502108476717
1.4175000000000182,0.9802711506592946
-123.82999999999947,0.0440869807480045
58.48464285714272,0.45782921518201886
-77.4375,0.14097964732493684
-59.701071428571595,0.2583924300891647
-9.2349999999999,0.9017507546513183
-28.600714285714048,0.7482887161876894
76.35285714285737,0.3091968376782211
-101.58035714285757,0.10526280781105095
48.80964285714276,0.48365718724323997
88.54500000000007,0.1889489273507538
-55.59321428571411,0.36142055539654405
-2.261071428571313,0.9716598849354887
-39.47357142857163,0.7098193528446296
-21.806785714285525,0.6034689074208458
62.075357142856774,0.43683109633734124
-212.02142857142871,0.1657341223801577
-25.380714285713793,0.6815706592315931
158.25107142857155,0.02427747402246607
39.70964285714331,0.6363743883063939
-41.66249999999923,0.5444962614087779
265.76821428571475,0.0789472390641894
-24.26785714285711,0.7415999677216615
194.32964285714274,0.2085273510963998
-83.32571428571418,0.18603506871469877
-193.54607142857117,0.2112152112246659
30.138928571428323,0.5107699604360504
-41.27892857142842,0.5203796881793533
-11.215714285714057,0.8689415425034186
17.713214285714002,0.8315682430052563
73.38964285714314,0.24228753425369634
37.206428571429115,0.6020401599415298
-36.06142857142868,0.5069393875615837
-14.145714285714348,0.8284136370488941
114.11464285714328,0.10641978664310284
-87.06678571428529,0.15777297375858182
-0.4046428571427896,0.9956988352470659
-77.7807142857148,0.20714393771460238
-99.76071428571436,0.31345623076485224
-27.489999999999554,0.6919985901515969
-1.425357142856683,0.9873419627517763
-78.86607142857156,0.2927241256266643
-18.052142857142144,0.732708033942196
-78.67178571428576,0.608335778653957
-37.99250000000052,0.5512517113794639
-16.2025000000001,0.8154021786999779
-77.78750000000014,0.13884314511415116
-10.51392857142855,0.8878634629341019
32.36178571428559,0.6645097143900138
56.780714285714566,0.41777808006073164
22.615357142857647,0.8348886999919272
-26.05607142857116,0.672318837576182
82.301428571428,0.16378148771440243
7.967857142856701,0.9421231736547472
85.03285714285721,0.14325118378482457
16.340714285714284,0.761977226755562
31.704642857142744,0.6646251282978124
202.66642857142892,0.18824270021471992
21.38892857142855,0.7741644544613382
-18.927857142857647,0.7739042267417847
28.001071428571777,0.6482117249287476
-45.86928571428598,0.4724739297371367
-99.32999999999993,0.0956348678693517
154.45964285714285,0.018498702946698167
20.020357142856255,0.6374017659047194
8.216071428571695,0.9108151520936247
19.299999999999955,0.7779134203397023
-37.29714285714272,0.5600173667277129
21.530714285714566,0.7459670287474288
-32.05785714285639,0.637296059764118
63.72714285714255,0.39875259818170544
189.1335714285717,0.0006316764734065778
103.62214285714344,0.06415425620592831
311.3653571428574,0.04008207894885878
31.641428571428378,0.5605536111084622
114.92214285714272,0.15835360692077433
-159.39642857142826,0.015970634269474798
-31.04964285714277,0.6381692125557173
-0.7392857142858702,0.9926385376376857
-20.074285714286134,0.774457911009188
70.43607142857104,0.2232646337695318
-74.5521428571426,0.23451615594049527
9.539642857142553,0.8856058489934296
-53.34999999999968,0.4364158336330817
-106.84892857142881,0.09427331409372043
-88.5757142857135,0.4844159931239587
-125.7907142857141,0.17095384582908507
9.361428571428632,0.8746329232735875
23.63107142857143,0.7716424201102641
234.35107142857146,0.12594101873428631
56.09642857142876,0.36701216755008736
-86.32214285714304,0.17319602402933768
-364.5064285714284,0.01684658788233628
-0.7328571428568011,0.9907386735913233
10.892142857142744,0.8736499505833988
-354.7639285714283,0.019131110835336806
-49.458571428571304,0.4599031999327078
-6.237499999999727,0.9215835510337458
45.147857142857674,0.6132479658446299
39.04392857142807,0.6754936765342053
168.82821428571378,0.29867715558581365
98.57249999999954,0.18304479856141087
50.29714285714249,0.39667157225977595
-2.6039285714289235,0.9663053851193811
23.18142857142834,0.8094365712341589
32.576785714285506,0.6355199113892519
-60.173214285714494,0.3465130524991002
74.22035714285698,0.1345881837291544
-2.32892857142906,0.9699393932704409
-21.481071428571568,0.7782148656580553
55.45821428571435,0.6074951617908938
-14.887499999999818,0.8107846481711909
-75.18571428571363,0.30729687327676886
22.89142857142906,0.7066000413718939
66.03035714285693,0.30933761600695303
93.40571428571434,0.12073794197308191
56.80392857142806,0.5521796067935373
9.618571428571386,0.8717733688113787
-131.789642857143,0.3906465831262652
53.618928571428796,0.4835302276058051
82.58857142857164,0.18192191697508056
120.57249999999976,0.059623988543220915
41.89964285714291,0.6968113277175453
-29.217142857142562,0.6898438761724215
69.18607142857127,0.662015844915241
42.5857142857144,0.5703307220543306
-38.00357142857183,0.652044811449238
41.368571428571386,0.5595373885966597
44.5349999999994,0.5522434606949146
19.32464285714309,0.7279903934131656
-107.9339285714293,0.14421510961991255
-28.826428571428096,0.7167431117589302
-53.00142857142828,0.3700868178605715
-30.11642857142874,0.6518927665708908
196.38964285714246,0.04634500645611326
-57.35749999999962,0.4855913073350506
58.9607142857144,0.4696973574752777
-30.299999999999955,0.6235881419229908
-36.0557142857142,0.5947703631075966
17.66392857142864,0.7743583466561695
126.00678571428534,0.08547007424954141
-88.77749999999992,0.22503904873828015
-123.5157142857147,0.10041978826437954
-41.737142857143,0.5162860834347213
-4.381428571428842,0.9357479404309695
61.50857142857103,0.2614150691620161
-113.39285714285688,0.1599283383902171
-31.632499999999936,0.6506309978806639
80.89499999999975,0.2727502589429082
178.20964285714308,0.05011449787896164
63.960714285714175,0.471708803346211
48.52107142857153,0.49534232273318984
61.5971428571429,0.3257127102666977
117.07785714285683,0.058656316665059924
-91.075357142857,0.12193961768564707
32.23071428571416,0.6293430454822477
-17.44107142857115,0.7453346882099184
-11.744642857142935,0.8881528077743086
36.495714285714485,0.8214000594007532
-54.72285714285704,0.38309846596807756
13.052142857142826,0.8329378672870626
-17.22607142857146,0.8764092656741109
122.03964285714255,0.10029300969251387
16.291071428571513,0.7631303927420494
70.50178571428592,0.3194376499238522
-30.257857142857347,0.5447641952597979
-57.62142857142817,0.4710014992338191
54.34535714285744,0.4485990118810447
27.017857142856656,0.6946973203276617
37.513928571429005,0.5833327526911568
88.69785714285717,0.23746278407439755
-70.13035714285706,0.2885642057624343
-72.14499999999998,0.4730450831187436
-63.695000000000164,0.34906074284003386
-171.56214285714282,0.010141463239054484
37.777857142857556,0.5907592745119679
-21.185357142856674,0.7793484369047914
-55.013571428571595,0.3662698203945554
46.84392857142825,0.7719837617437116
-31.13714285714309,0.6496843135147305
27.188928571428733,0.6982127327016906
-72.52964285714279,0.24274234927902474
15.222142857143353,0.8634802378152302
-79.37321428571408,0.24899597375376928
-233.72857142857129,0.0007370909824419656
-41.67857142857156,0.4790699651010359
17.386428571428723,0.787040555589426
-79.95142857142878,0.42641429842653006
52.24178571428547,0.44634363086134027
-123.11214285714277,0.45043529696025647
-1.1014285714286416,0.9880462348298564
103.47571428571428,0.0776550141536661
-253.90321428571406,0.09902426434775732
55.875,0.34985370860909903
73.262857142857,0.2495575116560666
-117.38285714285712,0.04955950981550752
279.5510714285713,0.07008277731701933
68.70892857142894,0.3106237851240621
30.764642857142462,0.7174030662202574
-31.44642857142844,0.5280159171190774
-31.51464285714269,0.6584497241683861
21.0796428571432,0.7345465761029143
-15.415000000000191,0.8263544071515958
-62.6400000000001,0.40260292794522173
97.9989285714289,0.16562164817088423
-51.65071428571423,0.37896160559571135
119.89750000000049,0.15000941522531228
-28.133214285714075,0.6436858985998622
30.70071428571441,0.6493324402636491
-99.91821428571461,0.1693539093441486
3.1428571428577925,0.9705745311332621
-62.40928571428549,0.3295161545113029
41.773571428570904,0.497290611324834
-160.66357142857123,0.04251686879996425
-31.128214285714193,0.7154043922816365
20.674999999999727,0.7183127229388035
-134.46107142857113,0.08254436500865524
94.10964285714226,0.12233827625038932
49.149285714285725,0.48649242498923023
105.16357142857123,0.1331632826824482
187.1692857142857,0.22181939662132855
-28.427142857142826,0.6023440094243395
80.85035714285686,0.2215423240916115
-10.012142857142408,0.8769912074930887
136.0421428571433,0.05027795994411442
2.7650000000003274,0.9634812071465544
-23.26892857142866,0.7127924696271204
60.09321428571434,0.37099607866894097
100.22714285714255,0.1554737875802658
-249.9599999999998,0.10564871812953329
-47.874285714285634,0.6260276487695009
34.081785714285616,0.5673933064285896
-6.410714285714903,0.9260907422773419
-39.348928571428814,0.5729843931409064
124.15321428571474,0.07939877711236902
111.79142857142847,0.0761849589187947
-61.63464285714258,0.7029824754254773
-24.770357142857165,0.7874577570722375
-5.535714285714221,0.909348147506088
-29.096428571428078,0.6467861452678546
-9.75678571428557,0.8891555645863622
20.530357142857156,0.7611771203471416
44.149285714285725,0.46441244921027613
-53.54107142857083,0.39518580173878387
253.0917857142863,0.10310342587474439
68.89357142857125,0.3643567704073265
18.076428571428096,0.7607925539070222
-44.95142857142855,0.40929158418781014
103.34749999999985,0.22483347575209983
88.07214285714304,0.09435769334910252
65.97607142857146,0.323910697650669
172.59821428571422,0.27041685332678406
-62.187142857143044,0.2713305725521656
-11.942142857143153,0.8495826500984112
63.2178571428567,0.2708259411887332
32.31571428571419,0.7599278390854909
-71.9339285714284,0.3059279864647772
-119.3939285714282,0.05694660599641691
-135.10249999999996,0.09215403662692472
26.357142857142662,0.6810698732806478
50.61928571428575,0.4557248215241454
127.73464285714272,0.10628160430029776
-37.777857142857556,0.5907592745119679
-75.63892857142878,0.2701669686517075
-76.38821428571396,0.3000769485157584
85.16178571428577,0.28045779451969943
83.26214285714286,0.19301350960450042
37.46607142857101,0.5142802082851484
-5.249642857142362,0.9438744529533668
91.90428571428606,0.2893375961116581
-37.20964285714285,0.6529038316181556
3.818571428571204,0.948059270953475
-61.94357142857166,0.3910283193278348
-110.95964285714331,0.15730279183472357
-33.10750000000007,0.6850248043186908
171.9867857142856,0.01568404059198318
13.45392857142815,0.8452716525533246
9.507857142856892,0.8913729218561578
-38.15857142857112,0.608973222164797
280.45964285714285,0.06363102634942217
-72.9085714285718,0.3101278493996428
27.139642857142462,0.7159065946109954
7.884642857142808,0.8946427360606519
84.65178571428532,0.29311568049827663
27.49678571428558,0.8586614842066174
-29.62142857142817,0.607416062437828
-120.40928571428572,0.10792724291853686
3.8239285714282687,0.9572381168382974
96.34285714285761,0.1614994920160168
-45.1225000000004,0.5017452537951692
-49.15107142857164,0.48924937650763173
0.3192857142853427,0.9975912659218589
42.999285714285634,0.4919363098345021
-111.32464285714309,0.06726903248839895
0.23535714285685572,0.9976946015249653
-33.0603571428569,0.8310060670255693
28.652142857142962,0.6439878222907472
-22.55535714285702,0.8202493762388985
-22.38821428571441,0.7782343135801789
69.83821428571378,0.20644425310553294
-134.29464285714334,0.04723091207732054
27.639999999999418,0.6948290756916538
77.6135714285715,0.2730397873825498
5.005357142857292,0.9458867167856944
-46.21999999999957,0.42645806452442353
-216.94535714285712,0.1560670539520841
48.301785714285415,0.4929837111008761
-2.011785714285679,0.972596555921924
-158.62071428571448,0.2985209483835605
5.555000000000291,0.9381292704314382
-24.903571428571013,0.6811146243980666
-25.320714285714075,0.7551745769942411
116.23678571428536,0.06081326664074219
29.926785714285188,0.6313583492349749
-128.42392857142886,0.03848641406943919
-4.283571428571577,0.9372951144747417
-74.02214285714285,0.28238327984532985
112.23392857142858,0.09336678294884064
-110.08857142857187,0.10350375693058168
86.72785714285715,0.19549490983792617
-89.55071428571432,0.11873440442744967
-8.633571428571258,0.8776105551914007
192.37785714285747,0.0038325125394716446
58.837142857142226,0.48860087361686283
71.53857142857169,0.29551829891468995
8.478928571428469,0.8788045667972099
70.05250000000001,0.3250198630442148
120.40928571428572,0.10792724291853686
-21.846428571428532,0.7337943979355133
-45.30857142857144,0.3387450206482126
-11.835000000000036,0.8044337915382977
60.248928571428905,0.4982409548684374
-21.097857142857265,0.775520772814473
13.536428571429042,0.8675958551308938
-46.21392857142814,0.45252793961576715
8.409999999999854,0.8962915186028952
26.93571428571454,0.6285208814214408
-44.67357142857145,0.5143183981533582
92.28999999999996,0.14005545447726628
16.79678571428576,0.7897185337413777
25.453214285714694,0.7359479725967111
-303.8260714285716,0.05235353402975298
72.99821428571408,0.22967721432051702
49.61499999999978,0.5771296086266825
4.021785714286125,0.9518552865134172
209.71035714285767,0.008924731732106618
33.34321428571366,0.6484167230397215
-112.87035714285639,0.09421271116209477
-128.9382142857139,0.3954501492607969
-9.193571428571431,0.8848886654196534
19.570357142857347,0.8563540745486486
-6.869642857143617,0.9275740620839857
54.73178571428616,0.5846787365039076
73.37464285714282,0.6351635673869197
-13.938928571428505,0.811826968519144
-75.91535714285715,0.48244577876887307
120.39785714285699,0.042804763261375015
3.3339285714289417,0.9680299500696342
-36.87428571428495,0.489186577295707
59.489285714285415,0.37801499222742735
-103.42107142857185,0.21217706021786953
-74.72535714285709,0.2808701054354091
-0.42285714285731046,0.9943880280570886
147.37678571428614,0.16198940341008572
-183.97464285714273,0.020734720386803795
68.26249999999959,0.3637318988944551
-48.54928571428559,0.3556307974829693
-65.1714285714288,0.3859546255941715
89.21678571428538,0.15930392676622118
58.245357142857074,0.34816583516238325
87.13142857142884,0.179527220237578
-28.20428571428579,0.862766767301239
-301.31214285714304,0.05028945126635939
-82.60607142857134,0.22526320000277109
-13.752142857142644,0.8348705906096007
-4.12214285714299,0.9646980574205326
8.922142857142262,0.8733089818131315
-113.03571428571445,0.128341558247849
-28.48642857142886,0.617111431253902
17.816785714285743,0.8006947316262062
47.07821428571401,0.49384660360286764
44.75214285714219,0.5155938810912207
-115.36499999999955,0.13826758358842303
46.6807142857142,0.5167201868739438
-70.54035714285737,0.32208622850863927
-124.36392857142823,0.055779763072759884
251.92392857142931,0.10167879745348349
-95.83821428571491,0.3221627952975778
23.389285714285506,0.7434005670829924
18.124642857143044,0.8245525829581231
23.896071428571304,0.7815400847401024
20.917142857142835,0.7647571146723784
-35.15142857142882,0.6110234711014132
-397.7960714285716,0.010242442795385531
-94.48535714285731,0.53715395717986
25.245714285714485,0.8115764168269822
16.620714285713802,0.8000601719545293
-129.60178571428537,0.13917988555067257
-40.1767857142861,0.3427204863099208
19.893214285714294,0.7467344172118334
-100.50500000000034,0.15204344773126377
-12.086785714285725,0.820693048935905
17.209642857142853,0.790774638104546
45.375714285714366,0.5399901224929871
42.76035714285695,0.5174121313109652
79.91499999999974,0.24877886929514945
32.12571428571505,0.6431693181354534
-25.486071428571677,0.6703714740179154
89.5521428571426,0.14343883012210776
11.495714285714712,0.8579608419445192
-21.23178571428616,0.7884481843495468
-1.3821428571427532,0.9887638304203993
30.85857142857094,0.5931469334395552
-30.150714285713775,0.7356319293563616
-55.53357142857158,0.5311248241040035
-26.652500000000146,0.6194142460330994
39.497857142857356,0.5234748160595782
-119.18000000000006,0.08147694856161437
3.51892857142866,0.939728331655102
33.24249999999938,0.6256422667624572
-70.58642857142854,0.23280028326888888
-58.05464285714265,0.36146537010757407
135.7139285714286,0.039958918836391064
36.42499999999973,0.6453660799490755
11.276428571428369,0.8564866616336788
0.6746428571427714,0.9919217474961427
54.83785714285705,0.6128114861298672
392.8392857142858,0.010882206209898436
141.2864285714286,0.0685155796084468
88.26178571428522,0.19217075529287253
37.4896428571426,0.5265565447509534
47.94892857142827,0.5032446388940489
-39.462499999999864,0.5595237412201727
-9.560714285714539,0.9089605055763058
6.104285714285652,0.9308705745640409
-144.6346428571428,0.3453059359886027
70.56857142857143,0.22419306756745583
48.2246428571425,0.5406417545681346
87.19571428571385,0.11226513710638975
96.54571428571398,0.29506050657523214
89.75571428571402,0.17073104007143988
-26.448928571428723,0.7727932477208652
-41.401071428571186,0.5792725111196044
-4.771785714285215,0.9095246411779475
-169.58535714285745,0.01677755334684507
15.311071428571267,0.8259421149750268
-65.10357142857151,0.34089328521616397
67.34214285714279,0.4536027876129569
-52.34571428571462,0.353057361634406
-21.45857142857176,0.7242862119296464
-45.34750000000008,0.5256265278491763
15.311071428571267,0.8259421149750268
-19.98107142857134,0.8966213790877929
62.420714285713984,0.34846510062834785
3.7625000000000455,0.9562754721054472
63.04071428571456,0.47834842316598086
-398.09821428571377,0.00963903644828249
-56.60714285714289,0.41624121670531017
-158.62071428571448,0.2985209483835605
65.42678571428587,0.47577264887163
30.2025000000001,0.531764282288639
109.26857142857125,0.04535723569858748
10.826785714285506,0.8723688951791945
15.275000000000318,0.8012883840859569
-16.473214285713993,0.810411764482117
-167.85142857142887,0.184038937052035
143.76535714285728,0.030272922489299702
122.00785714285712,0.10360653168924802
100.1364285714285,0.3633769357961294
-27.556785714285525,0.6326324676474823
3.082857142857165,0.9644820876042086
-74.5210714285713,0.42210266426895515
-50.57428571428591,0.5144391418950893
-136.61249999999973,0.37180479036436104
-19.375,0.7703409739092048
27.505714285714475,0.6290107659076946
-169.89499999999975,0.07350029413204612
36.14321428571475,0.5963181722520307
15.531071428571522,0.8259310481429345
-29.63678571428636,0.5802939965940774
-79.09892857142881,0.20026691698404384
37.48892857142869,0.590948880515061
-174.8357142857144,0.006823413893729077
-342.4875000000002,0.023348059118203347
-173.08214285714303,0.018163789349087422
40.87071428571426,0.5994718851338355
31.894642857143253,0.5596288503379426
0.010714285714357175,0.9998590008025048
-1.500714285714139,0.9807502768773803
-63.65571428571434,0.3522012914643871
-22.09607142857135,0.7568554821117883
40.79857142857213,0.5581669238887824
8.033214285714166,0.8719935422409214
46.11464285714305,0.6402723352095985
46.182142857142935,0.6448264323529536
-21.331785714285388,0.7758782709348596
76.67785714285719,0.27186959172506686
-27.52500000000032,0.6212096920033533
98.23500000000035,0.1468340719150035
-5.3214285714284415,0.9252200325603223
-39.74142857142874,0.4043486219777342
13.585714285714175,0.8627238596745435
-9.706071428571931,0.8577158361690215
-41.402142857142735,0.5061808818796097
401.6474999999996,0.007941659285968449
94.6875,0.22736289305776072
-3.703928571428605,0.9535444188323154
-254.900714285714,0.09388613206779994
-20.829999999999927,0.7780912981105076
-11.184285714285807,0.8494725708237127
-33.822142857143035,0.7338018421403291
71.0046428571427,0.386693172997929
-90.08285714285716,0.18691599315987067
-54.211785714285725,0.44176625765966515
63.09749999999963,0.31097363291557245
98.41571428571456,0.13080637260969608
-39.36892857142857,0.5453301854199151
-34.36035714285754,0.5491796114056261
37.02214285714308,0.6078660569574558
47.25499999999988,0.5855282465064353
67.0625,0.3493803530643187
17.479999999999563,0.7989782079611519
-39.3057142857142,0.540137063680273
-61.24928571428518,0.4957141893541059
39.759642857143035,0.5481040684421769
182.03928571428582,0.006083678978138275
-22.584642857142626,0.7125538005541228
170.703214285714,0.26692726075112877
-14.22964285714329,0.8194327540925207
-20.208928571428487,0.7341994444615545
9.893928571429115,0.9073865478874347
8.033571428571577,0.9348835862517114
138.75321428571374,0.15894180431729374
-32.939285714285916,0.5534391515222192
-13.395714285714575,0.8657119061328115
215.5242857142855,0.0008880655602205712
-11.093571428570613,0.8711269768452075
-67.49000000000046,0.30425443486696024
-62.00071428571391,0.4521660201006899
-18.116071428571786,0.7766526103616159
-14.102142857143235,0.9271494574023889
15.962142857143135,0.8230173912732958
-26.924285714285816,0.6961080898695698
-123.62214285714299,0.06710382069511123
67.99607142857144,0.5006727424765464
-90.0971428571429,0.21807263612283068
43.637857142856774,0.4546828918343552
36.915357142857374,0.5134056206323679
-7.019999999999982,0.9208233163877514
43.10499999999979,0.5426431592652518
25.12928571428597,0.6519176724668725
-32.5750000000005,0.609693304469727
80.77714285714319,0.22174087986764876
24.834642857142853,0.6832875059314301
46.898571428571586,0.49158467232560943
17.826071428571368,0.9087956687960939
-33.0532142857146,0.5849636421078367
56.68999999999937,0.4302252926533928
11.19857142857154,0.8547707492585495
-46.79928571428559,0.5615461587251732
17.46428571428578,0.7537438642547388
-110.35214285714301,0.08356349460314608
11.239642857143053,0.8707966272224841
-29.34714285714267,0.6953151172386761
-32.32178571428631,0.5933585755399655
-57.64785714285722,0.3300529610895368
-37.28571428571445,0.6374075279919321
-33.86392857142846,0.6189379624609007
-27.139642857142462,0.7159065946109954
-46.547500000000355,0.5625705787482198
74.49357142857139,0.2613770961527572
244.17178571428622,7.607798117238151e-05
-13.927499999999782,0.8599122311871822
-6.800357142857138,0.9305349026945674
164.54107142857174,0.010301380457402127
-26.93142857142857,0.7517943073934411
-43.94678571428608,0.4259597280845983
129.98821428571432,0.07662355427974202
-59.19285714285729,0.3669420509352954
-51.22535714285709,0.3577422346558477
-51.89535714285648,0.3134291168569774
-16.364285714286098,0.8283279795425764
26.623571428571495,0.6950879908833896
95.57428571428568,0.07691221756166551
158.68285714285685,0.01569684808948457
14.768214285714976,0.8342590806031345
-35.03892857142887,0.625112439676156
-39.36892857142857,0.5453301854199151
41.86892857142834,0.5197139775158909
117.47107142857112,0.034789030230256805
-61.52928571428629,0.27808988227013226
16.50857142857126,0.7955706773592883
60.38392857142844,0.3618640164839358
15.062857142857183,0.8280952035918907
77.20785714285694,0.2646155232948041
-17.626071428571322,0.7568801304892225
-12.062499999999773,0.8501891063867605
-2.218928571428478,0.9887796247599091
126.9978571428569,0.025816983843457385
-71.13928571428573,0.5191975660218124
140.64857142857113,0.04015583154813544
53.49035714285719,0.37832863968000136
36.88071428571425,0.8084473564318341
50.596785714285716,0.469905910093574
27.78642857142836,0.6410311166402192
-53.09571428571462,0.4330603264096172
-71.58142857142889,0.2646679030325785
37.840000000000146,0.5923807543884161
-148.09571428571417,0.028607750655821114
-229.41035714285726,0.1340543428177032
-104.75749999999971,0.09318210108835571
29.370714285714257,0.6680874299687304
21.99928571428609,0.786471450037527
57.17607142857128,0.42588846658242235
61.82392857142918,0.26333283523275164
62.70821428571435,0.4611829131848036
44.65178571428601,0.4814537747900403
-11.069642857142526,0.8919303092590447
-13.349285714285315,0.8131492281497243
-34.2546428571427,0.6039853716543978
16.717857142857156,0.7895967514455032
26.37857142857115,0.7069102172607074
-86.88071428571402,0.190067298049328
99.60107142857146,0.17239926155588853
-16.933571428571213,0.8226552544231304
117.01892857142798,0.02895938008232232
-26.474285714285088,0.7203891104200842
63.651071428571186,0.39595185846798187
-356.08250000000044,0.018160531719883417
-15.978571428571286,0.8334344081407675
-85.48928571428587,0.20145409156370445
107.77357142857159,0.08770777340862194
92.46249999999964,0.0956390589937575
-9.350714285714275,0.8708612572427025
-40.50214285714287,0.3947820196441325
-144.04535714285657,0.020055051154425445
1.873214285713857,0.9816519518616363
58.398928571428314,0.2547886737666997
65.95321428571401,0.2907784822281153
43.734642857142944,0.5525736109959887
21.718214285714566,0.6644991028878597
-41.977142857143235,0.4550845043369436
-67.15499999999997,0.4664894653851772
-56.89607142857085,0.47998653503746
-131.95285714285728,0.3872137162904044
32.387142857142635,0.6611880054491581
40.158214285714166,0.5880723587389496
11.802142857142826,0.8767391047126252
29.68964285714287,0.6621054653734004
-37.69142857142833,0.5812367271378346
-15.063928571428278,0.8102256662875374
39.761785714286134,0.6200907416795987
39.270714285714575,0.47074221646456504
-44.69142857142879,0.5196997676971649
-109.34357142857152,0.48224746221379555
316.4867857142858,0.04069127128440421
41.612142857142544,0.5346288819330691
38.24214285714311,0.4914629590817691
-18.11178571428559,0.8048842579533179
156.74500000000012,0.3138350771969791
0.08249999999998181,0.998852829526123
-2.49321428571443,0.9658344404966237
-41.1192857142853,0.6036125871579273
-28.58214285714257,0.7011359385789754
-250.12249999999972,0.12107390636117081
101.32035714285712,0.09677206204295517
-2.806428571428569,0.9510906682468662
7.303928571428514,0.8906824565407059
97.14392857142866,0.29110745817680517
22.179285714285697,0.7268099648565073
263.424642857143,0.08819459321408263
-45.11642857142829,0.6442713249226787
21.73357142857185,0.7108534520463238
204.63142857142861,0.18606544806942277
2.7628571428572286,0.9733220963593413
-39.472499999999854,0.6167081681104685
76.56892857142861,0.21228041522369895
-70.81071428571454,0.22588454976213934
69.0821428571428,0.3069901123742923
15.671071428571395,0.8372745054353351
-49.5278571428571,0.6236707355276986
111.45785714285694,0.013055959883082339
156.52607142857096,0.1456413616166842
-14.348571428571631,0.8183733798436919
54.75035714285741,0.3757157091776498
-33.5150000000001,0.6332770155988816
-109.96214285714268,0.13350750608094114
74.91714285714306,0.16651254629469708
6.781428571428705,0.9141976686143484
-70.64750000000004,0.37430399499621203
-139.51428571428573,0.36550278718420387
75.23714285714345,0.18440146221862994
36.30642857142857,0.546713381866081
55.905714285714566,0.4005580404985303
18.70107142857114,0.8154972187660929
48.19857142857131,0.39468057004456214
-1.7960714285711674,0.9769718168378081
-61.073214285714585,0.2804591294078775
-112.24607142857121,0.05626411265535121
-33.9767857142856,0.6245946088463845
-14.947857142857174,0.7882873089998084
87.67499999999995,0.21473585029511275
-82.20035714285723,0.24595944943163628
-157.8567857142857,0.018459552319745377
6.5925000000002,0.9250887944812334
-174.79857142857145,0.03123113832414085
-113.39285714285688,0.1599283383902171
28.521785714285443,0.49644027727654577
-106.74892857142822,0.14332101276579506
38.319999999999936,0.6122600461243617
85.99857142857195,0.24684621761194073
241.25964285714304,0.0382972967722707
27.909642857143126,0.6804760082397437
-67.80678571428575,0.44201269152493333
-47.395357142857165,0.4846150343987731
-44.39107142857165,0.5687543629985073
87.86642857142851,0.21677204835125843
10.264285714285734,0.9078374625750253
-8.07428571428568,0.9258091423586965
-50.372857142857356,0.4613646739663504
43.77249999999981,0.6850910969495436
52.74035714285765,0.3238593829291605
-15.768214285714066,0.8233037044332109
-1.1200000000003456,0.9891849703672582
65.99071428571438,0.39984856738003266
27.38499999999999,0.6447351448559244
45.68607142857172,0.40133686141678526
13.536428571429042,0.8675958551308938
-28.151428571428596,0.6800434214174224
91.85071428571428,0.14878381988773812
147.3824999999997,0.06728277763375347
87.98142857142875,0.2075048386336927
21.87642857142805,0.7290193808593943
-86.28107142857152,0.11980705625354686
205.22357142857186,0.17910883525039306
-100.20464285714274,0.1766131272196568
-23.57785714285683,0.6546548381009784
1.087857142857274,0.985615668022839
141.4585714285713,0.044038752918692727
-132.17357142857122,0.05633528474583361
14.680000000000064,0.8301105555526065
11.249285714286088,0.8739488699412247
-129.0646428571431,0.4151565984600905
-70.59678571428549,0.34636511316308444
26.788571428571686,0.7201412567424553
19.007857142857347,0.8031543465058899
-44.26999999999998,0.5510868504650751
0.5725000000002183,0.9939136350909118
-16.732499999999618,0.8609085305840196
19.39392857142866,0.8283443695290829
-67.26214285714286,0.2769425253377948
-6.796785714285306,0.9419513734449848
57.27821428571451,0.40270255478880357
36.26500000000033,0.6179049106639993
-8.352857142857147,0.9018305658446154
-26.662857142857092,0.8078515743973951
-6.2485714285712675,0.9402456423612202
51.72642857142864,0.3762246257973199
14.197499999999764,0.8441092757255988
3.7546428571426986,0.9527471394768959
-65.7950000000003,0.4195357346526311
6.6489285714285415,0.9077649107115043
23.86428571428587,0.6735166444890563
-76.64821428571463,0.18659524019235701
53.256071428571886,0.469324443114755
-222.55107142857128,0.1444440612027733
-63.05357142857156,0.33502135224538915
112.46499999999992,0.07332685356707339
-57.06642857142879,0.32700711284919143
265.45535714285734,0.0851036476923145
83.51642857142792,0.11817143286799067
-67.84500000000048,0.3844205473914247
41.15071428571446,0.6253005558092936
-57.2221428571429,0.35866796984456745
31.07857142857165,0.6604056641820923
21.39392857142866,0.843514549070923
-218.1107142857145,0.1562796113820447
-140.67571428571455,0.0841094676652211
169.0310714285713,0.2675922479667664
-45.941785714285515,0.4215651644772591
-30.933571428570986,0.6544964685479889
-90.53535714285749,0.5549320965464505
0.5092857142860794,0.9927022353236243
-118.36285714285737,0.11263299230643467
-3.2749999999998636,0.9639495640463039
-17.296071428571395,0.8065102898015631
10.796428571428805,0.8916580807276172
32.23500000000013,0.5713758606123291
-3.3842857142856246,0.9456500781154578
69.3853571428574,0.47009520844278685
16.20107142857114,0.8489279673459939
195.21249999999964,0.016357177007601014
-30.539999999999964,0.642772394701366
-82.29999999999973,0.17201759319057794
7.915357142856919,0.9054351366651666
-20.375,0.7339223166450763
125.81357142857132,0.08381620490153653
56.90607142857175,0.5248959163499278
74.43285714285776,0.22054126829237283
-78.16785714285697,0.1951970603411343
13.800357142857138,0.8398970407369918
-103.77678571428555,0.2769339325282764
-3.3924999999999272,0.956459782242766
-64.66821428571438,0.2990128809888388
66.04428571428525,0.40066812496930765
-171.82178571428562,0.0357025463992565
-179.35500000000002,0.007418343021598439
-67.79535714285703,0.4049330935958903
-68.01535714285751,0.2704415526402413
72.54214285714306,0.29327558394849884
-126.29785714285731,0.08007749254954945
-46.16464285714301,0.3922942989885657
48.1042857142852,0.40630305342192796
-30.949642857143317,0.6558196769290123
4.618928571428114,0.9503959052809179
84.11857142857116,0.15000543217954257
73.30892857142885,0.35110511316162557
193.13285714285757,0.013971384828705314
168.57928571428556,0.018338638924085503
81.5439285714283,0.2429520123441114
55.458571428571304,0.3079250010706062
-403.07785714285706,0.009050061810781745
-1.8739285714291327,0.971094403041164
-16.953214285714694,0.7830881840636064
-36.6492857142855,0.5116620865667549
16.494999999999436,0.762853604653105
-5.625357142856956,0.9398668241224134
-36.911785714285315,0.5477208699751364
61.29321428571461,0.3448174217280532
-5.208928571428487,0.9526311131738606
264.1824999999999,0.08936737526045056
-33.44857142857131,0.5966434096849941
90.95392857142815,0.22259776485955518
-27.191785714285515,0.6854180584837531
-18.61892857142857,0.822104231947432
-136.34321428571388,0.371606851602802
-146.41285714285686,0.035917205594511586
31.284642857142217,0.7247970638767305
33.213571428571186,0.6042881197636607
18.810357142856674,0.8325346053130636
84.62571428571414,0.16742266101539355
125.30214285714328,0.12405490911881221
-314.59464285714284,0.04203547047779043
12.607499999999845,0.8539221841509935
-39.68071428571443,0.5991067038930612
-38.970714285714394,0.5460463576009525
128.3157142857142,0.12077321623022816
-60.187142857143044,0.34562625248118445
-18.82178571428608,0.780362608447459
63.02142857142894,0.2781404746482638
-209.0271428571425,0.008159220550263246
-60.1203571428573,0.40988613143702546
-75.8157142857142,0.30080876539896567
-13.593214285714794,0.8736947080517575
-14.817142857142699,0.8267420324857696
-49.77214285714285,0.35593037883184636
37.36357142857128,0.6459457330197932
-128.97785714285715,0.02884689825596175
-120.3900000000001,0.08386303852286923
212.7739285714281,0.1637671244520346
42.13571428571413,0.5288621751227511
-3.128928571428787,0.9571686722122748
-19.69214285714338,0.7568592534055226
-0.9507142857141844,0.9883887155898499
-75.98642857142863,0.2527070139947385
59.74035714285674,0.4940533709680626
-10.824285714285907,0.8454716397345828
-68.86785714285725,0.29611731624452753
26.373571428571267,0.6796934129462551
29.21499999999969,0.6015170835114082
-62.00071428571391,0.4521660201006899
8.680357142857247,0.9346525022984905
103.44250000000011,0.12636996117762975
-0.7342857142857611,0.9894666948646297
101.58535714285699,0.16891887017450802
105.26678571428602,0.1038865324402456
5.782857142857438,0.927332070693929
-105.9157142857141,0.188784204016699
-18.862499999999727,0.7770273773482624
-32.14214285714297,0.6946840930994262
28.381428571429296,0.6093010237060245
101.89714285714331,0.12321605326237875
-9.408571428571804,0.8824360544945844
0.09214285714324433,0.9989340650424894
19.946428571429124,0.7151498806791783
-73.59714285714244,0.21312161720682193
-46.325000000000045,0.76137435093483
44.89749999999958,0.49753106184399276
146.07821428571424,0.021924167686839545
-27.60321428571433,0.7027405851788631
-25.600714285714503,0.6778877973188516
-72.25750000000016,0.27114894625193714
-49.0278571428571,0.4365143011839352
-3.897142857142626,0.9477764098663722
15.927500000000236,0.7704878357495865
31.31857142857166,0.6030040489944771
-14.466785714285606,0.8037566713709882
106.00285714285701,0.10521303393038813
-38.44321428571425,0.575703095848612
-67.9232142857145,0.5289167754505251
7.539285714285825,0.9444551611813561
-28.79678571428576,0.7235225597083675
-30.70999999999981,0.6513434337558741
72.11035714285799,0.29732097476235375
-46.47321428571399,0.4337850801169601
-4.592499999999745,0.9550514128131716
9.173571428571222,0.8666614335110413
98.15428571428583,0.1941154702335489
111.83249999999953,0.18425464062233785
-40.982857142857256,0.5498941429825597
-153.79178571428542,0.310541373811968
-306.24250000000006,0.04283605427019384
-4.791428571428696,0.9563801753407798
3.436428571428678,0.9615437146466813
-56.272500000000264,0.5260040272697029
29.58107142857125,0.6422871707439877
-33.14571428571435,0.640835165354414
-77.99464285714271,0.3468968078273373
69.57249999999999,0.27938253226160986
24.648214285713948,0.7425101077693482
32.592499999999745,0.6416463332135582
14.724642857142726,0.8367874781683963
115.54571428571398,0.08467572173937377
27.714285714285552,0.7983136521347914
-16.494999999999436,0.762853604653105
130.60249999999996,0.1533460813818381
51.27107142857108,0.47710371822051173
-39.04464285714266,0.582771132855982
-41.91678571428588,0.4318345519655475
-93.05607142857161,0.15542019357799755
131.84964285714273,0.2601390478088194
-43.747499999999945,0.5801731268583113
35.65250000000037,0.6096742997186732
21.382499999999936,0.7509021520619333
18.813571428571322,0.8252688202739433
-83.02499999999941,0.2965388634747263
67.33249999999975,0.37094316946500144
21.52857142857124,0.7234205847916565
-44.393928571428205,0.41618904139358576
35.42500000000041,0.5806468016191674
6.4232142857138115,0.9343806693940806
13.991071428571786,0.8183152178226166
4.997142857142535,0.9531671587300975
-133.5160714285712,0.04309548664797215
-76.06999999999971,0.3413749857141377
-23.804642857142426,0.7172200255956289
30.55250000000001,0.6779298162975591
59.124285714285634,0.3713078390726677
72.25750000000016,0.27114894625193714
-37.99714285714299,0.5149858749974804
145.80178571428564,0.07435561506863471
-62.05642857142857,0.4287781489524954
-105.03035714285647,0.13037140324444726
62.08535714285699,0.3891532818188776
-57.01499999999987,0.4882233047684128
-34.632500000000164,0.6443105010318374
1.7603571428574014,0.9768600929133969
14.22964285714329,0.8194327540925207
-87.53571428571422,0.2211877232484319
70.95357142857142,0.3506552014045954
-53.851071428571004,0.33591997008947794
-16.644642857142117,0.8334282879603101
29.82357142857154,0.6619344714664306
-71.75857142857126,0.2777832858009957
31.559285714285807,0.5151758197814699
11.016071428571877,0.9027832928820305
47.71785714285738,0.6249558648820537
17.48178571428525,0.8553073356172254
25.523214285714175,0.6335081971926766
-22.144999999999982,0.6964682667906859
27.990357142856737,0.6040831372134067
-103.34749999999985,0.22483347575209983
-34.792142857142835,0.5997175799001185
70.21464285714319,0.326475239074261
-98.82142857142844,0.10163317194707261
218.87571428571414,0.14922851827532718
-11.59678571428526,0.8282850306594408
360.20428571428533,0.018385078054169886
47.902142857142735,0.48636533071335697
9.506785714285343,0.8616475169558369
31.022500000000264,0.5796873685286058
141.02071428571435,0.03408037383945412
68.44749999999954,0.28981435918125953
108.11035714285754,0.13416675326351127
-73.63642857142804,0.32462311664529475
105.69964285714241,0.18161434912255475
-40.05964285714322,0.4830474728643803
-18.234285714285534,0.7811188761396638
-32.97107142857135,0.608006672511673
36.90428571428538,0.5229740815193425
2.985357142857083,0.957908518193944
33.14857142857113,0.7089428900820217
43.591071428571695,0.47336134569932353
-27.098571428571177,0.7222507200047265
136.2267857142856,0.039085870630798
185.0807142857143,0.02015633430976407
12.933571428571895,0.8687662589101012
-26.86607142857156,0.720273591600097
1.059285714286034,0.9889140578396872
16.129285714286198,0.8625682028291453
-138.54035714285715,0.04946749835125915
-63.46035714285722,0.1926294149635396
25.729642857143062,0.7525551221634216
37.572857142857174,0.5804094419776735
43.29214285714306,0.533140878341723
-40.978928571428696,0.6484872974952086
209.12821428571397,0.026483270632678836
41.512857142857456,0.5544984318258165
109.56857142857189,0.18272272560128727
97.78107142857107,0.14208271433641287
-78.51821428571407,0.20262348520588142
92.03142857142893,0.11811704396771064
-27.5150000000001,0.6142183167355776
-18.388571428571822,0.742642730183264
59.344285714285434,0.6400117201701502
-18.086785714285725,0.7960212256056434
-74.17035714285703,0.35977707208564547
2.0307142857145664,0.9775279609721821
-23.264285714285734,0.8323251490608997
-63.20285714285683,0.3677318510648347
58.73107142857157,0.43206520583188784
35.173214285714266,0.5144350196552702
-37.16678571428565,0.6628671823392556
-27.107142857142662,0.660519340465377
29.28178571428498,0.613631756395098
-171.5346428571429,0.02668746413197483
-24.06642857142856,0.6593517283123775
-101.7089285714278,0.09967237891948458
-35.89857142857227,0.6998172080963122
178.81857142857166,0.012435191855417829
-138.408928571429,0.05773532557468379
-178.5985714285714,0.05807320218744644
-70.8439285714287,0.341491091857831
18.428571428571104,0.7568196677757351
21.98571428571404,0.7199790114698896
13.016428571428833,0.8554994058455813
-52.583571428571304,0.5836155106548687
47.68857142857155,0.49650608824353076
26.278928571428423,0.673511214056361
-86.3342857142859,0.2877803298359456
64.56785714285684,0.2706664455223387
51.74607142857144,0.5908434385904678
-66.80357142857133,0.20315345327370024
9.091071428571468,0.8826635398415763
-35.0542857142857,0.577229456947503
32.375,0.6275380220488597
107.43392857142885,0.2767569417438072
70.48785714285668,0.30496097874275163
-118.09857142857186,0.0795619987280717
-211.58678571428595,0.00151941549419974
-37.8082142857138,0.6030953938241975
-109.2282142857141,0.15222688509449311
-8.58821428571423,0.8814132699568014
-122.41250000000036,0.25517216708504503
96.80249999999978,0.26669539193348746
-29.359642857142717,0.6592197588788719
62.58000000000061,0.36360756555140694
2.293571428571795,0.9684050695266475
-63.323571428571086,0.4922746089879396
95.38857142857137,0.15391220821489238
20.64214285714297,0.7396749067054313
12.488571428571277,0.8888905409237172
-9.20928571428567,0.8789659015535757
-17.977142857143235,0.7942853119024985
-8.638214285714412,0.9060043777909302
125.90285714285687,0.06300332666971059
-2.9528571428568284,0.9646507699001786
-126.9042857142856,0.01809503389694699
65.93749999999955,0.34406874553583167
83.07000000000016,0.16476639295137183
-32.37750000000028,0.6814672373207354
55.35321428571433,0.38460782512663116
-19.441071428571377,0.7766584467853848
-117.39357142857193,0.05675090547654875
-364.5557142857142,0.017415671009305293
-86.60428571428565,0.582253238149329
34.73214285714312,0.6125085908455044
37.416071428571286,0.7046070140276028
-82.07107142857149,0.21105420774173955
91.9939285714288,0.15648946834078747
11.160357142857492,0.8406390085216892
-49.45464285714206,0.45032138685313927
46.63964285714246,0.4108823545922904
60.18821428571414,0.4008959621196742
-117.54750000000058,0.10331112115993439
1.8089285714286234,0.9713509235021897
31.152142857142962,0.6496171241070157
3.224999999999909,0.9547230582558998
154.7646428571427,0.05685287369695702
-8.832499999999982,0.895714341988717
-10.987857142857365,0.8684286645165661
13.40178571428578,0.853232840708939
-57.88821428571396,0.47512884706860153
1.867142857143108,0.9864343281015893
-18.835714285714175,0.7913393875620756
122.95999999999981,0.07213320286365732
-134.32821428571378,0.08346695105412975
14.918571428571568,0.8400068988062903
-58.96142857142854,0.3755094911767366
71.90035714285705,0.3153203682649615
-27.018214285714294,0.7478107801208254
40.728928571428696,0.5103516175680983
8.74714285714208,0.8777336307463898
34.081785714285616,0.5673933064285896
-56.50071428571391,0.45574831907889524
-43.29249999999979,0.47747249805358044
251.07428571428613,0.10513588575505511
-54.7567857142858,0.4566235168115074
-51.122142857142535,0.4128153879699017
59.48142857142852,0.21094850359345932
107.12428571428586,0.07789963409036552
-101.49964285714304,0.15030347318746604
68.44392857142839,0.31566096662893967
42.826785714285506,0.44401521515314185
-66.43392857142862,0.24153783997298386
18.45535714285711,0.8672678966645612
1.2878571428570922,0.9906126571220303
-146.7567857142858,0.04017282718618683
-239.72142857142853,0.11942583076523937
-7.506071428571431,0.9130009835761175
108.85249999999951,0.07746848018130119
61.581785714285616,0.37283459402248736
3.9139285714286416,0.9524601226102912
-54.774285714285725,0.3163676931361617
0.9871428571427714,0.9877439069753567
25.352142857143235,0.6550246221183135
62.81392857142919,0.39487923340400854
-70.14178571428533,0.41977484390801906
50.8692857142853,0.4569564935014212
-162.69000000000005,0.020080267517137682
-16.726785714286052,0.8380544746630636
-180.24750000000017,0.010332613946554041
-38.69178571428574,0.4579779016633653
34.74678571428558,0.5873441136251027
15.200357142857683,0.8866326730870987
75.51607142857142,0.3036160421192231
61.01749999999993,0.542628975398619
-207.25785714285712,0.18012826872851262
-2.8250000000000455,0.974989299191626
58.43999999999983,0.3997969258127727
53.906071428571295,0.44387686746641614
1.250714285714821,0.9856618936523741
-37.638214285714184,0.57955253521455
8.754642857143153,0.9028815601757815
28.585714285714403,0.7755244942021582
-11.83857142857164,0.8273077353176249
-41.813214285714594,0.5053466053971813
-18.5474999999999,0.7838652103595661
53.47285714285658,0.3720824088194992
33.23928571428564,0.6233806457120212
-36.40178571428555,0.6021939762206592
7.2692857142856155,0.9472525553248615
-120.32000000000016,0.0744406162037068
-48.789999999999736,0.5198772475998508
-105.00428571428506,0.10285004071394976
49.42642857142823,0.3198935078136293
58.128928571429014,0.3958504128047447
65.98464285714317,0.23306872845298993
-9.701071428570913,0.887294226030853
-80.72892857142847,0.19582672911415036
18.022857142857447,0.8648317423763051
-46.69857142857131,0.503149767175327
74.13714285714332,0.18465185793644961
163.77071428571367,0.31010383271941194
-78.06535714285747,0.28209867224473656
-43.94678571428608,0.4259597280845983
-81.69357142857098,0.5938379212742879
44.57357142857154,0.5877330482468712
-99.79714285714294,0.1073684395663477
83.9060714285713,0.5843850517071757
134.3189285714284,0.03236971384077135
118.50821428571476,0.10893137392053984
20.430000000000064,0.7498055955466109
7.726071428571004,0.8842800594784181
59.39821428571463,0.333097041502687
-70.73500000000013,0.4054999387855266
-84.05999999999995,0.585508055582141
29.830000000000155,0.7779134663913202
53.819999999999936,0.4343748007689585
-109.02749999999969,0.11022656083414847
-98.04535714285703,0.15534091958993612
-67.15571428571434,0.5371027553999372
64.98035714285675,0.3680199632587075
-34.96107142857113,0.6152668688804294
-117.80535714285725,0.4414231292337608
39.25892857142844,0.48668190717934634
12.470714285714394,0.8452191669036255
-10.729285714285425,0.844331834376277
86.03250000000025,0.18392180932230096
-50.62000000000012,0.3805408425508638
-399.5703571428571,0.0084511783330929
-74.60285714285692,0.4519164526493245
290.2192857142859,0.04293600898116097
-268.50285714285724,0.07761224725128119
62.44964285714309,0.2628306155441215
24.237499999999955,0.6635288678810034
-77.96714285714279,0.6089988556610176
13.083928571429624,0.8575397822280072
65.713214285714,0.381294926989817
5.19821428571413,0.9418265871636632
-65.14535714285716,0.5086267012769156
-7.038928571428414,0.9151362494534706
-76.22642857142841,0.1922771102706098
-119.37321428571408,0.06668392606069623
65.49571428571448,0.40736348895105556
-19.154285714285606,0.7271842457983252
-46.799642857142544,0.5360078979353293
29.54571428571444,0.6320764372947442
-62.53678571428577,0.3670032433700005
-67.63821428571441,0.341435573596922
-68.89357142857125,0.3643567704073265
46.39607142857153,0.47548589047046996
-63.972142857143126,0.35527749071723014
-73.94249999999965,0.1886031320881903
184.08714285714268,0.23440779349780938
29.32142857142867,0.7063075299547688
152.76678571428602,0.3188015267482188
-103.32107142857171,0.2613434335357921
15.153214285714512,0.8186088611818486
-94.24857142857104,0.123387538935415
-19.81107142857195,0.6798563706465679
-10.006071428570749,0.8692679898845213
21.969642857142617,0.6007660033833158
-4.481428571428978,0.9495939637126982
178.3282142857147,0.0033810196287207307
-122.32357142857131,0.021527487576582956
-198.9917857142857,0.1935942620032032
-137.85142857142841,0.03094883192169999
19.940714285713966,0.8547368346663333
5.636071428571086,0.9577723387439373
133.32000000000016,0.025748837816807427
-1.632499999999709,0.97164803068671
134.29464285714334,0.04723091207732054
-26.936428571428905,0.8030296677522598
81.66749999999956,0.09890590677792982
107.07464285714241,0.11993518294187344
-50.59642857142853,0.45198767596865996
-80.80249999999978,0.2758796165300343
-58.609642857142944,0.425335035622911
54.694999999999936,0.5827463546469415
54.774999999999636,0.5177857885388146
57.223214285713766,0.35050431538750343
-24.449285714285907,0.8732764406393658
83.28642857142859,0.15801050135564262
-15.060000000000173,0.84123307393483
71.0903571428571,0.2488878582349091
89.963214285714,0.1960834392302356
-202.43821428571437,0.0043135134119487465
13.715714285714057,0.8362887621185608
23.886428571428723,0.6705320251805968
-53.063571428571095,0.39342372343781246
-105.5167857142851,0.08214287987453128
-100.53785714285686,0.1462994151264798
148.60785714285703,0.03971181464194961
-2.862500000000182,0.959826057606539
-41.474999999999454,0.6575159174129281
14.07357142857154,0.8367921142033052
-164.3532142857141,0.12255621734052963
52.68357142857167,0.40383631252874486
-64.98035714285675,0.3680199632587075
-23.2928571428572,0.7298578874659828
-57.69464285714321,0.43838517415941053
25.94785714285672,0.6488216612487984
25.347857142857492,0.7264433560749446
-9.245357142856847,0.8792752085137522
67.26607142857165,0.3629302789357755
-92.55571428571443,0.18737813683671062
100.18250000000035,0.2264897222136873
76.32214285714281,0.29954754149238055
-69.60357142857174,0.2668884976474422
-11.505357142856838,0.8879302835202285
117.80928571428535,0.12995735431550262
32.592499999999745,0.6416463332135582
100.50500000000034,0.15204344773126377
-66.31642857142879,0.3323942845585246
-53.707857142857165,0.4375845300223133
-94.05749999999966,0.24653614107934205
-39.85392857142824,0.41634453220347195
-17.671428571428578,0.8234538828687792
-92.88250000000016,0.20413450181109624
80.95464285714297,0.2403853418520117
-50.70678571428539,0.5279899868440494
-61.50892857142844,0.3240871622922446
69.18392857142885,0.3593727099818053
120.92500000000018,0.07236441390972763
40.103928571428696,0.5428975068350097
50.19678571428608,0.53822446968329
88.03321428571462,0.21912292100550032
-28.227142857142553,0.611808348097265
0.5839285714291691,0.9918120944781357
30.49000000000001,0.5865575031557921
-11.489642857142599,0.9174199538109931
-94.41250000000014,0.17068118354452821
-77.45214285714314,0.2326288141589273
-39.5971428571429,0.42344008136971395
45.215714285714284,0.4157936424942534
-35.27857142857124,0.5731684910704222
198.73821428571455,0.19604611857847584
6.5053571428568375,0.8945900407631957
-0.5724999999999909,0.9924877484971661
0.9653571428573287,0.9884336142027033
37.83428571428567,0.6123813220330099
-11.65357142857124,0.8533553914777485
-22.219285714286116,0.703619645723788
-22.98571428571404,0.7416977909460617
280.45964285714285,0.06363102634942217
42.96250000000032,0.6931802587609198
-13.106785714285934,0.9337831023690243
-56.47321428571422,0.6030616670931007
20.63142857142884,0.7823116760539497
-58.911428571428814,0.26250129583064213
2.247142857143217,0.9755765823069281
25.128214285714193,0.722481549892821
-403.17214285714294,0.008410102137742993
-260.63107142857143,0.08830024843418668
-74.99499999999989,0.2792398714181641
61.01821428571429,0.2636143044045331
69.7567857142858,0.2509108686058284
25.962499999999864,0.6875432210847351
-41.383928571428896,0.5721248420384102
107.68892857142805,0.48268991955968366
-40.113214285714776,0.6464999300375239
-155.62249999999972,0.034059498064320355
-127.0428571428572,0.04747768999538458
-72.86892857142834,0.24181264425520943
-28.841428571429333,0.5989184844275373
85.4789285714287,0.2335354484361099
6.800714285714093,0.910259424564001
36.14321428571429,0.6056843131780003
-80.76000000000045,0.2729789291300769
23.88178571428557,0.730752555644242
-7.276785714285779,0.9075322706238841
74.13714285714332,0.18465185793644961
59.773928571428996,0.4320685506323497
26.71321428571423,0.7167158035994254
2.911785714285543,0.9683295639236178
75.95678571428607,0.19665743332460753
-49.34464285714262,0.5019954096500086
-0.7528571428570103,0.9900802253452166
41.16142857142836,0.5644752625415688
0.5596428571434444,0.9917391766574851
79.40785714285698,0.3193303848608121
1.0146428571426895,0.9891421016736934
-109.54642857142858,0.13456317848705787
107.0199999999993,0.1228291534528209
-82.47250000000031,0.2771198978936855
-12.227500000000646,0.8754083812050317
47.01928571428607,0.5135497777482156
53.81678571428574,0.4698599908023536
-46.365357142856965,0.7642819900579827
115.62107142857167,0.10340743089580677
19.755000000000337,0.7799942405807128
-21.256785714285797,0.8895500184664353
116.52142857142917,0.04326109612830412
25.30749999999989,0.7087310668672347
-124.55714285714294,0.02500388905993648
-43.749642857143044,0.5568049972582058
27.5649999999996,0.67846984912585
-169.910714285714,0.031154822987964775
-24.38357142857126,0.6884345544636806
0.20749999999975444,0.9960614698489801
-74.41857142857111,0.2554053043516128
-14.007500000000164,0.8499122225255823
-20.769642857143026,0.7551713329291552
29.014285714285506,0.6982464847676672
183.69178571428642,0.023649897051267715
41.38642857142827,0.5102056623909876
-26.67749999999978,0.6465297474730266
-72.91821428571461,0.6372771601785744
5.527142857142735,0.9371579442613703
-30.445714285714303,0.6600773603001727
-39.292857142856974,0.5234129693905407
-50.610000000000355,0.6367838821307326
-31.020714285714575,0.647656964799873
-109.09928571428577,0.19871051830301242
-61.74678571428581,0.31732014363252287
-56.75928571428517,0.6035595796208276
-61.836428571428314,0.25726795785322615
-44.331071428571704,0.620619337312719
87.59071428571428,0.15973567783484183
57.78071428571434,0.706664315958738
-77.69392857142861,0.38724418513067577
31.789999999999964,0.6088080094099128
-84.22857142857151,0.24474878477178985
-86.07249999999999,0.2067417348489159
-66.37214285714276,0.5380182405675007
42.81714285714247,0.44173572383016263
66.99750000000063,0.414807855578498
28.038214285714275,0.7385658846790109
2.658214285714166,0.9673302895726833
23.57428571428568,0.7079798931599456
69.15464285714324,0.3175349235010599
-75.88642857142895,0.2801777825944947
-49.62214285714322,0.648415078302404
-44.169642857142435,0.5503390362927083
-112.24607142857121,0.05626411265535121
34.76178571428545,0.5871145038932015
103.1992857142859,0.1914734196677467
-288.3914285714286,0.06302623840867558
3.501428571428278,0.967086899097086
-103.47107142857158,0.09685489787262372
-29.312857142856956,0.7414487703207036
315.1103571428573,0.0369764405694618
-131.28214285714284,0.21349598303987616
311.0242857142855,0.04091532469706575
-20.08607142857113,0.7877628757058525
14.512142857142862,0.7943357307106258
-50.26357142857114,0.48136807994444303
315.0742857142859,0.039537110976353665
192.8071428571427,0.21648162382020383
-103.5985714285714,0.15977169998982224
-30.175357142857365,0.8445253051538667
-29.24964285714327,0.6109108442449409
-51.573571428571086,0.45457083039431717
0.8557142857141571,0.9912248389459378
20.229999999999336,0.7225773066112011
-1.7492857142854064,0.9842570704039734
-84.5589285714284,0.2867715105915788
-110.15499999999997,0.10305533665294836
13.232857142857256,0.8672725516536987
-6.888928571428096,0.9381673000448882
-68.18857142857132,0.3107547959551461
-139.50035714285718,0.3592949554556012
-67.80392857142851,0.2626821845814209
67.15249999999946,0.28888321825605534
-38.559999999999945,0.6045543892120143
165.1242857142854,0.03826531250949605
43.58892857142837,0.539941447119057
-45.566428571429014,0.4968686987777549
3.024285714285952,0.9586186154896863
56.812142857143044,0.5104076433571413
77.2732142857144,0.23922931630729644
-25.240714285714603,0.7029958554324204
-26.93571428571454,0.6285208814214408
92.83678571428572,0.1815240341043015
10.191071428571377,0.8376288500301411
-44.892142857142744,0.6714884871745554
-44.217142857142335,0.4280519192960015
0.07107142857148574,0.9996312495433508
52.12499999999977,0.45952930939036346
-134.5435714285711,0.044758579606373756
39.2742857142855,0.5320091914669561
10.211785714285725,0.8752513849163778
-26.56142857142845,0.7090360896086702
-306.83821428571423,0.04060534533241544
40.497857142857356,0.5203614477013229
-74.39321428571452,0.45705989340637376
1.9699999999995725,0.9740828376622896
24.38357142857126,0.6884345544636806
7.3653571428567375,0.9291404571665547
22.124285714285406,0.6486594728602664
-61.69357142857143,0.270813311849892
15.383214285714985,0.9225151353066904
-44.20178571428596,0.4690049878899523
-49.76892857142843,0.5442574162434904
14.60678571428548,0.8292142694011146
11.95392857142815,0.8377987265953115
-32.39249999999993,0.6905257810831386
99.43714285714282,0.14745516411544402
-38.87892857142833,0.715421121923823
94.40857142857135,0.157934249161348
93.50964285714326,0.16230847061164205
-35.21107142857136,0.5870036852915544
-6.436785714285861,0.8795184186979205
-68.42642857142891,0.2911000240712852
-30.136785714285224,0.6617657299161566
-73.51214285714286,0.30088075966347594
5.636071428571086,0.9577723387439373
-37.12178571428581,0.44835687959233156
29.18571428571431,0.7109058677361354
45.556071428571386,0.612474390185916
15.46464285714319,0.7881401243756373
119.56928571428534,0.07631130701768786
-17.84607142857135,0.774345957140952
-40.60499999999979,0.5724658692728961
71.88035714285729,0.25207070038113777
